s0,s10,s90,s90d,red_flag
90,115,66,248,1
106,158,249,248,1
73,52,53,160,1
110,250,249,248,1
40,65,249,248,1
62,58,20,43,1
78,52,55,169,1
251,252,249,248,1
148,252,249,248,1
133,251,249,248,1
69,50,56,141,1
30,63,249,248,1
79,62,249,248,1
110,145,249,248,1
87,124,249,248,1
78,51,74,248,1
122,141,249,248,1
54,78,249,248,1
73,46,98,144,1
164,117,249,248,1
75,115,249,248,1
75,50,49,142,1
185,186,249,248,1
65,65,249,248,1
55,132,249,248,1
75,44,42,154,1
73,149,249,248,1
134,95,249,248,1
61,23,24,44,1
74,50,40,176,1
251,166,249,248,1
72,45,79,197,1
76,49,62,165,1
252,217,249,248,1
119,206,249,248,1
77,49,86,248,1
41,141,249,248,1
162,150,249,248,1
112,141,249,248,1
74,44,74,185,1
166,129,249,248,1
86,116,249,248,1
48,35,8,0,0
118,81,105,8,0
60,31,12,4,0
72,50,73,248,1
251,190,249,248,1
105,167,249,248,1
46,30,10,1,0
41,43,4,0,0
60,48,15,1,0
70,48,89,203,1
250,167,249,248,1
20,149,249,248,1
22,149,249,248,1
67,137,249,248,1
38,33,11,0,0
92,69,65,12,0
76,54,73,184,1
248,252,249,248,1
123,251,249,248,1
102,89,106,7,0
75,50,63,143,1
252,215,249,248,1
82,188,249,248,1
73,50,73,182,1
250,252,249,248,1
140,251,249,248,1
134,249,249,248,1
37,33,4,0,0
101,87,100,10,0
53,37,10,2,0
48,40,10,0,0
46,34,6,2,0
34,30,5,3,0
102,78,89,13,0
42,35,6,0,0
54,40,9,0,0
65,51,11,0,0
123,109,112,19,0
51,44,10,0,0
43,22,5,0,0
14,17,249,38,1
109,80,84,8,0
96,45,14,1,0
49,40,9,2,0
78,47,20,103,1
104,252,249,248,1
60,17,21,4,0
119,89,157,18,0
75,50,54,189,1
113,250,249,248,1
99,72,70,7,0
76,48,49,150,1
45,116,249,248,1
181,138,249,248,1
98,78,75,18,0
75,41,3,4,0
98,57,19,2,0
90,80,62,7,0
52,40,7,2,0
96,78,95,15,0
52,40,11,3,0
97,79,59,7,0
51,41,32,6,0
74,53,69,168,1
252,252,249,248,1
252,251,249,248,1
78,101,95,32,0
85,86,166,128,1
97,61,27,1,0
44,41,6,1,0
40,38,4,0,0
114,101,108,14,0
61,45,9,0,0
96,76,84,6,0
106,76,91,14,0
74,53,65,180,1
251,203,249,248,1
60,177,249,248,1
114,129,150,22,0
93,55,14,0,0
78,40,4,1,0
30,31,9,0,0
42,31,7,6,0
91,76,58,6,0
71,77,117,108,1
76,49,49,155,1
250,252,249,248,1
251,251,249,248,1
50,43,10,0,0
102,64,32,0,0
98,93,113,21,0
40,41,8,0,0
117,55,79,14,0
41,40,4,0,0
102,78,92,11,0
46,40,15,4,0
42,34,5,2,0
11,14,7,2,0
76,55,66,182,1
252,252,249,248,1
252,251,249,248,1
44,35,7,2,0
95,91,66,21,0
38,35,5,5,0
41,28,8,0,0
123,65,81,11,0
64,51,13,0,0
96,80,82,18,0
47,39,6,3,0
38,32,6,0,0
98,92,81,12,0
76,52,67,191,1
103,86,126,11,0
54,36,9,1,0
108,81,86,7,0
107,75,68,9,0
101,73,58,8,0
73,53,58,142,1
123,252,249,248,1
51,46,19,16,0
103,85,87,12,0
40,32,9,0,0
107,81,89,14,0
100,91,85,9,0
109,85,79,9,0
50,40,8,3,0
44,37,7,3,0
121,119,116,19,0
108,79,110,11,0
101,76,67,7,0
40,38,10,0,0
39,31,12,4,0
101,96,96,16,0
46,48,7,0,0
89,80,75,8,0
56,50,7,0,0
118,77,78,14,0
13,12,14,2,0
141,123,172,22,0
29,29,6,0,0
49,36,11,3,0
46,39,5,0,0
95,72,72,12,0
99,91,74,10,0
79,54,12,116,1
102,252,249,248,1
63,54,9,2,0
107,80,80,16,0
100,90,84,13,0
31,25,5,3,0
49,37,13,4,0
43,22,6,0,0
78,51,63,138,1
116,252,249,248,1
103,81,81,4,0
54,44,7,1,0
35,37,4,0,0
88,74,97,8,0
91,53,20,3,0
108,81,94,20,0
93,75,67,3,0
52,42,9,0,0
44,49,10,0,0
65,37,13,0,0
54,36,11,1,0
108,82,51,5,0
41,34,9,0,0
38,26,5,0,0
104,84,85,16,0
110,85,99,17,0
113,108,106,27,0
45,34,11,2,0
47,42,8,0,0
97,48,15,1,0
106,76,69,11,0
96,44,19,0,0
45,37,10,0,0
43,36,7,2,0
109,79,96,4,0
89,50,25,7,0
102,84,104,22,0
105,69,86,11,0
95,92,128,7,0
94,81,96,6,0
50,35,5,0,0
46,36,11,2,0
104,40,106,43,1
47,40,9,1,0
37,29,7,2,0
38,39,11,1,0
39,36,7,0,0
46,38,8,0,0
36,27,12,0,0
48,35,5,4,0
74,48,26,94,1
127,252,249,248,1
47,33,8,2,0
114,108,107,19,0
96,71,58,7,0
86,42,9,2,0
44,36,7,0,0
92,49,18,3,0
97,88,107,18,0
98,79,62,15,0
106,72,109,17,0
54,53,11,0,0
44,29,4,3,0
101,76,72,3,0
46,31,9,0,0
74,47,45,127,1
113,225,249,248,1
110,80,119,18,0
116,60,72,9,0
102,83,81,11,0
33,26,6,0,0
44,26,9,1,0
107,86,63,9,0
101,69,95,5,0
49,32,8,0,0
49,29,13,0,0
107,92,106,21,0
44,36,14,4,0
42,36,14,1,0
42,33,14,0,0
46,47,4,0,0
110,79,102,11,0
109,71,98,8,0
46,36,8,5,0
87,44,20,3,0
44,37,8,1,0
36,33,4,0,0
110,89,100,11,0
38,32,6,7,0
104,66,73,13,0
113,79,100,7,0
54,41,9,3,0
38,40,7,0,0
112,83,83,6,0
93,73,70,5,0
90,48,16,3,0
49,39,12,4,0
19,25,13,0,0
103,74,101,11,0
97,90,98,10,0
22,14,13,0,0
54,33,6,0,0
109,84,98,14,0
49,31,5,1,0
71,54,88,181,1
122,252,249,248,1
18,12,10,4,0
47,37,5,0,0
89,44,15,0,0
83,94,71,56,1
106,69,98,13,0
46,34,7,3,0
102,56,27,0,0
103,76,100,6,0
93,82,96,7,0
46,33,14,1,0
104,71,75,16,0
103,89,94,12,0
41,41,8,0,0
131,82,93,22,0
79,48,11,0,0
43,36,8,0,0
107,81,105,17,0
59,37,1,4,0
102,89,86,18,0
110,74,106,25,0
107,84,93,7,0
37,32,6,0,0
50,10,24,1,0
94,96,119,14,0
45,34,9,0,0
101,88,67,9,0
40,39,5,0,0
38,34,12,0,0
40,32,6,4,0
32,31,10,1,0
96,47,26,0,0
44,33,8,0,0
43,38,6,2,0
39,31,12,0,0
107,80,91,12,0
121,81,108,12,0
112,82,110,19,0
44,41,7,0,0
134,138,249,248,1
42,29,12,0,0
34,32,5,0,0
96,83,91,10,0
104,91,58,11,0
104,80,85,12,0
54,45,12,2,0
106,64,17,1,0
96,101,138,33,0
37,39,12,0,0
97,71,62,10,0
46,37,10,0,0
36,30,8,1,0
94,70,87,18,0
77,48,7,69,1
125,252,249,248,1
28,19,11,0,0
33,37,4,0,0
97,80,99,12,0
92,50,31,0,0
112,47,16,1,0
99,77,69,18,0
100,77,97,12,0
89,52,20,0,0
33,21,5,0,0
46,51,12,0,0
49,31,17,4,0
51,37,13,5,0
59,42,13,4,0
88,72,55,6,0
31,34,6,8,0
47,39,6,0,0
85,53,20,4,0
42,34,10,0,0
87,63,42,5,0
44,36,14,0,0
106,104,116,19,0
42,35,15,1,0
80,54,12,132,1
100,252,249,248,1
17,25,9,5,0
96,74,57,1,0
107,47,20,0,0
42,40,10,0,0
36,32,8,1,0
58,50,8,1,0
102,75,88,14,0
110,78,118,11,0
47,42,8,2,0
44,27,8,0,0
103,78,79,18,0
111,67,78,7,0
29,27,2,0,0
41,39,10,0,0
100,85,79,10,0
97,83,66,13,0
121,58,94,18,0
103,70,71,8,0
116,80,125,25,0
41,26,11,3,0
93,80,79,9,0
38,37,5,3,0
10,19,10,0,0
109,87,108,15,0
109,82,68,6,0
34,27,7,0,0
63,45,11,0,0
114,63,100,15,0
43,37,12,0,0
47,43,5,2,0
46,39,7,0,0
99,78,92,14,0
97,79,61,13,0
52,35,11,0,0
36,29,7,3,0
93,74,75,10,0
47,36,9,4,0
43,35,7,0,0
107,87,73,7,0
47,31,9,0,0
51,37,14,0,0
95,93,112,23,0
109,86,100,9,0
82,39,19,0,0
126,86,147,19,0
115,87,126,15,0
45,40,8,3,0
49,32,5,1,0
100,74,73,4,0
117,81,78,12,0
37,25,7,0,0
47,42,13,0,0
91,54,17,3,0
101,90,87,17,0
34,39,6,0,0
101,84,81,9,0
95,96,76,13,0
98,67,109,13,0
47,37,5,2,0
77,70,104,88,1
102,76,65,4,0
33,29,12,0,0
53,38,16,2,0
105,81,93,16,0
100,55,28,0,0
47,35,9,0,0
47,27,7,3,0
102,77,104,20,0
122,91,163,23,0
36,34,10,4,0
50,35,6,7,0
80,55,12,123,1
97,252,249,248,1
33,29,5,4,0
41,41,12,0,0
40,34,7,2,0
44,36,9,0,0
104,68,70,8,0
41,37,5,6,0
36,34,6,0,0
75,51,68,172,1
250,252,249,248,1
121,251,249,248,1
16,14,15,0,0
49,35,5,0,0
107,93,89,10,0
51,28,10,2,0
107,82,92,13,0
49,51,6,0,0
87,45,26,3,0
92,79,80,12,0
51,41,13,0,0
108,75,114,19,0
100,69,111,14,0
104,74,81,9,0
58,35,14,8,0
104,73,96,28,0
102,97,164,16,0
37,43,3,1,0
55,33,12,3,0
105,94,84,12,0
47,32,5,0,0
96,94,105,19,0
97,49,21,3,0
106,72,70,14,0
15,20,6,6,0
50,37,7,0,0
37,32,13,2,0
38,31,11,2,0
44,35,9,0,0
30,21,2,0,0
44,43,8,0,0
97,83,69,13,0
109,60,23,0,0
129,82,48,5,0
52,35,6,0,0
41,38,6,0,0
96,66,70,15,0
31,35,4,0,0
93,72,91,17,0
67,53,14,1,0
50,94,249,248,1
37,31,6,0,0
114,66,99,14,0
44,36,14,0,0
118,87,118,15,0
46,31,10,3,0
32,31,9,3,0
113,87,132,19,0
94,43,30,1,0
41,32,8,0,0
97,72,84,9,0
109,88,113,17,0
134,163,249,248,1
101,76,66,7,0
36,30,8,5,0
51,31,11,0,0
98,77,95,8,0
60,45,13,1,0
34,34,8,0,0
40,30,11,0,0
109,100,117,24,0
108,81,86,7,0
37,36,8,0,0
102,70,83,14,0
102,70,85,4,0
37,33,7,0,0
33,29,11,0,0
35,25,9,3,0
122,78,155,14,0
103,75,85,13,0
46,31,9,2,0
115,79,97,14,0
112,89,84,12,0
120,101,104,28,0
52,36,11,0,0
96,44,66,4,0
41,34,10,0,0
100,86,87,8,0
98,91,92,19,0
33,31,10,1,0
51,31,13,0,0
47,27,8,0,0
96,97,68,13,0
12,21,9,0,0
96,81,73,21,0
38,39,8,0,0
94,80,73,11,0
76,37,40,5,0
101,70,93,14,0
39,25,11,2,0
42,40,12,2,0
46,36,8,0,0
99,64,30,0,0
103,81,139,24,0
103,46,20,5,0
90,47,24,0,0
15,14,14,0,0
103,87,58,12,0
43,36,2,0,0
104,82,84,11,0
45,38,6,0,0
37,32,15,0,0
81,65,52,14,0
56,90,161,154,1
45,32,17,1,0
96,45,28,0,0
98,74,70,8,0
46,41,8,0,0
101,66,68,11,0
90,74,79,20,0
14,12,11,0,0
107,76,61,8,0
73,81,118,73,1
40,34,6,3,0
41,33,9,1,0
98,76,106,12,0
94,91,86,8,0
92,83,92,12,0
104,74,89,19,0
44,35,11,1,0
99,72,73,7,0
42,40,7,3,0
58,31,9,1,0
53,39,6,0,0
46,31,10,4,0
103,73,87,12,0
120,67,128,15,0
102,82,69,14,0
114,86,127,11,0
106,72,121,9,0
108,81,97,4,0
90,81,70,7,0
37,28,14,0,0
40,37,5,1,0
17,17,13,2,0
105,70,121,15,0
108,69,86,12,0
90,75,69,5,0
47,36,9,3,0
53,35,13,0,0
50,35,18,0,0
103,60,24,0,0
119,93,111,21,0
45,33,4,0,0
42,35,11,6,0
32,35,5,5,0
37,60,23,6,0
105,76,104,14,0
64,40,16,1,0
45,37,12,0,0
49,39,15,3,0
100,69,90,12,0
50,32,8,0,0
122,92,98,15,0
96,70,71,12,0
105,80,102,17,0
37,37,11,0,0
41,32,5,0,0
47,30,7,3,0
91,51,60,4,0
38,31,6,0,0
95,84,74,4,0
100,71,94,10,0
42,27,10,0,0
50,30,12,1,0
49,28,14,0,0
91,37,21,4,0
36,33,9,0,0
115,81,78,17,0
100,62,70,4,0
95,71,86,13,0
104,70,72,6,0
118,83,119,11,0
106,82,81,18,0
35,27,14,3,0
101,83,81,6,0
42,21,72,18,0
37,29,10,3,0
42,41,11,0,0
97,73,82,6,0
105,74,93,15,0
62,37,13,2,0
46,39,6,7,0
98,65,71,12,0
43,36,5,3,0
45,33,15,2,0
101,81,76,13,0
74,45,12,2,0
90,88,86,17,0
83,36,12,1,0
101,53,18,0,0
91,43,22,0,0
44,68,2,2,0
41,37,14,0,0
93,88,86,14,0
51,36,8,2,0
45,30,14,0,0
98,80,115,19,0
102,72,74,13,0
92,57,45,6,0
44,32,14,0,0
41,29,14,2,0
38,38,5,1,0
97,85,71,18,0
38,36,11,2,0
94,73,105,8,0
29,27,6,3,0
35,34,14,0,0
50,37,8,1,0
104,102,97,19,0
94,72,54,0,0
114,90,99,17,0
105,79,87,14,0
44,32,11,0,0
45,33,8,0,0
126,91,118,26,0
98,68,60,9,0
72,52,14,0,0
45,32,11,4,0
110,86,86,6,0
115,83,105,21,0
39,31,10,2,0
99,66,64,15,0
95,75,109,11,0
115,86,87,8,0
96,69,73,5,0
115,90,166,24,0
46,43,11,4,0
104,88,146,19,0
80,42,28,1,0
40,30,14,1,0
46,31,13,1,0
38,30,16,2,0
42,33,10,2,0
58,50,7,6,0
49,30,10,0,0
103,76,67,4,0
37,27,3,1,0
38,29,11,3,0
90,64,69,8,0
122,76,113,6,0
38,36,13,2,0
87,42,22,3,0
93,76,111,11,0
74,49,14,5,0
101,72,62,4,0
52,41,12,0,0
34,36,12,0,0
80,72,70,7,0
46,35,10,5,0
97,77,71,11,0
108,75,116,15,0
49,34,11,5,0
91,46,14,0,0
63,79,109,63,1
106,80,91,16,0
40,40,11,0,0
105,92,100,15,0
43,43,6,0,0
33,32,11,0,0
35,31,10,2,0
114,92,131,18,0
26,27,12,0,0
82,32,30,8,0
42,30,17,2,0
91,68,65,6,0
98,98,139,39,1
44,38,8,1,0
95,84,71,4,0
100,77,99,11,0
97,86,89,15,0
100,56,30,1,0
83,70,59,6,0
40,34,7,0,0
101,77,86,14,0
93,64,80,7,0
36,32,6,0,0
104,75,80,9,0
93,78,38,3,0
29,25,19,0,0
80,42,17,2,0
83,42,24,6,0
41,32,8,2,0
48,36,25,1,0
107,88,88,12,0
108,79,127,25,0
38,33,11,0,0
114,89,84,16,0
33,26,6,2,0
112,90,111,8,0
44,40,8,3,0
103,80,117,12,0
115,86,118,14,0
102,79,107,15,0
94,46,20,1,0
103,80,77,13,0
47,34,19,3,0
99,82,77,9,0
110,66,90,6,0
35,31,12,0,0
100,78,90,17,0
99,85,87,6,0
39,28,7,0,0
42,30,12,1,0
43,43,13,1,0
115,97,137,23,0
44,32,13,0,0
92,75,91,9,0
32,25,9,3,0
102,83,83,10,0
103,77,116,10,0
72,39,8,1,0
96,79,73,10,0
102,71,95,8,0
32,16,16,1,0
95,69,57,8,0
92,37,27,0,0
41,35,11,1,0
46,40,8,0,0
20,14,16,1,0
94,70,81,7,0
106,82,85,9,0
100,88,98,20,0
99,84,93,8,0
95,89,90,17,0
96,75,88,15,0
105,54,33,3,0
106,77,94,17,0
45,25,12,2,0
107,78,109,6,0
40,31,9,0,0
80,77,138,81,1
40,34,14,0,0
54,26,13,4,0
44,40,10,0,0
102,82,72,18,0
35,30,7,0,0
89,79,64,12,0
37,26,10,0,0
95,69,103,12,0
32,30,9,0,0
45,34,5,6,0
57,41,11,4,0
67,38,14,5,0
98,94,91,14,0
101,90,109,18,0
50,34,11,0,0
122,93,135,11,0
45,29,8,0,0
60,66,49,42,1
101,81,70,1,0
102,69,87,10,0
115,64,58,18,0
42,41,11,4,0
29,30,12,2,0
114,91,133,18,0
40,28,17,0,0
99,94,74,20,0
61,27,39,5,0
118,110,165,33,0
72,69,49,4,0
38,33,11,0,0
118,69,83,16,0
101,62,75,13,0
42,41,11,4,0
106,80,68,3,0
106,63,27,0,0
100,89,104,14,0
103,96,106,13,0
74,75,177,111,1
43,36,9,2,0
101,74,102,18,0
38,30,14,0,0
47,37,13,5,0
52,35,11,1,0
37,27,8,0,0
76,79,81,52,1
35,22,6,3,0
27,22,10,2,0
101,79,60,12,0
109,82,95,14,0
104,83,80,9,0
38,28,16,6,0
35,32,11,0,0
37,31,9,0,0
83,49,15,3,0
99,66,72,10,0
114,87,131,15,0
108,78,60,6,0
49,34,7,0,0
57,45,21,2,0
109,85,86,9,0
89,66,52,12,0
46,33,9,3,0
19,18,18,0,0
42,34,13,0,0
97,77,119,21,0
51,35,14,0,0
115,76,91,13,0
95,51,30,3,0
106,74,65,9,0
51,32,13,0,0
43,35,15,5,0
36,21,10,0,0
102,78,88,16,0
40,36,7,0,0
110,71,89,20,0
37,29,2,0,0
96,89,113,28,0
107,53,24,2,0
104,87,113,12,0
92,53,23,1,0
96,46,22,0,0
43,34,11,0,0
45,27,9,1,0
88,39,19,0,0
37,27,7,0,0
94,76,99,7,0
52,40,16,4,0
122,112,107,15,0
45,39,7,0,0
41,34,10,4,0
34,95,29,4,0
115,62,102,16,0
92,64,70,17,0
114,74,87,16,0
40,35,10,0,0
99,72,65,9,0
45,36,12,0,0
66,49,15,0,0
37,36,15,0,0
106,87,76,6,0
39,33,16,3,0
47,34,8,1,0
101,66,57,9,0
44,28,8,0,0
41,31,9,5,0
100,74,76,7,0
39,23,2,0,0
45,29,10,0,0
73,45,18,0,0
33,31,5,1,0
44,41,14,3,0
106,77,76,16,0
48,34,6,2,0
102,72,117,12,0
43,41,11,0,0
105,78,98,13,0
92,42,20,0,0
40,27,10,1,0
53,34,8,3,0
46,30,22,2,0
50,32,22,2,0
105,77,84,18,0
105,78,96,14,0
48,36,15,3,0
101,81,71,11,0
95,73,87,10,0
14,9,7,0,0
43,35,9,7,0
120,78,87,19,0
99,76,95,14,0
102,53,25,3,0
15,17,17,3,0
102,50,23,3,0
99,80,102,12,0
101,77,99,17,0
104,75,127,14,0
45,38,7,6,0
99,89,114,16,0
45,38,13,5,0
48,36,16,0,0
105,55,23,1,0
95,67,59,10,0
111,84,85,18,0
99,81,91,13,0
37,34,8,0,0
38,29,12,4,0
99,39,25,2,0
100,84,81,8,0
50,38,13,3,0
64,44,11,6,0
102,76,92,8,0
99,44,20,1,0
90,50,17,0,0
16,12,8,0,0
39,27,8,0,0
99,51,50,1,0
94,69,90,7,0
95,86,140,16,0
45,29,16,0,0
42,36,12,1,0
46,29,11,0,0
91,63,77,18,0
48,26,20,3,0
41,36,8,3,0
95,44,15,4,0
44,32,12,3,0
44,43,7,2,0
47,32,12,0,0
113,62,141,17,0
96,55,22,2,0
47,34,19,0,0
39,32,5,0,0
31,28,7,0,0
67,47,13,3,0
95,56,28,1,0
43,30,12,4,0
42,33,10,0,0
101,54,24,0,0
41,31,11,0,0
33,30,5,1,0
47,31,13,1,0
105,85,81,8,0
103,77,85,10,0
43,31,11,0,0
97,82,80,15,0
110,86,88,14,0
95,70,70,11,0
43,28,7,1,0
49,35,12,0,0
88,49,20,0,0
47,32,16,0,0
36,22,5,0,0
48,34,13,3,0
36,29,4,4,0
31,27,9,1,0
105,81,101,19,0
100,71,96,14,0
104,55,30,0,0
40,26,20,4,0
110,73,116,12,0
104,77,77,6,0
15,17,6,0,0
45,37,10,3,0
77,60,81,1,0
16,22,14,7,0
43,37,6,0,0
13,12,13,2,0
46,26,14,0,0
95,82,109,16,0
90,68,52,13,0
89,89,66,8,0
102,60,93,7,0
99,72,65,13,0
100,41,28,0,0
96,48,23,0,0
126,62,123,21,0
44,33,8,0,0
103,75,124,12,0
48,33,15,1,0
70,33,17,2,0
48,38,11,2,0
45,37,8,0,0
42,31,16,0,0
102,82,74,18,0
83,67,82,11,0
95,50,26,2,0
109,90,137,20,0
41,30,7,1,0
106,56,19,0,0
87,35,29,0,0
41,37,11,0,0
74,29,34,0,0
48,24,9,0,0
119,77,128,19,0
49,36,9,0,0
43,31,42,2,0
47,33,14,0,0
46,25,10,0,0
105,99,129,15,0
102,63,67,3,0
50,44,9,0,0
108,75,93,16,0
41,34,15,0,0
115,74,96,19,0
32,30,10,0,0
42,38,9,1,0
103,72,109,10,0
48,32,12,0,0
53,32,19,1,0
40,35,13,3,0
85,58,50,10,0
113,84,96,8,0
45,35,11,3,0
105,75,113,17,0
105,76,99,13,0
111,80,96,23,0
44,26,15,0,0
107,79,79,8,0
49,29,18,0,0
46,36,12,5,0
109,68,85,15,0
32,20,11,3,0
55,46,14,1,0
47,27,32,0,0
113,81,99,9,0
31,28,10,0,0
71,36,59,5,0
46,30,11,0,0
40,14,12,1,0
99,94,101,24,0
98,41,31,1,0
17,21,17,1,0
48,32,9,0,0
77,40,17,8,0
95,79,138,16,0
119,66,77,11,0
55,42,16,0,0
111,73,99,19,0
45,31,12,2,0
98,75,81,20,0
91,43,25,0,0
38,25,22,0,0
101,81,103,18,0
95,71,71,10,0
93,82,99,27,0
116,87,139,25,0
106,91,134,24,0
36,25,19,1,0
97,76,132,12,0
66,39,14,1,0
48,37,18,5,0
93,67,78,9,0
38,30,6,0,0
50,27,14,2,0
75,34,25,2,0
87,48,14,2,0
38,27,11,3,0
35,27,16,2,0
54,35,16,2,0
46,39,4,0,0
45,31,11,3,0
115,83,174,24,0
43,34,6,0,0
44,34,15,2,0
44,35,5,1,0
47,30,11,4,0
72,93,94,104,1
116,80,131,26,0
101,80,62,11,0
48,34,14,4,0
78,48,22,9,0
39,44,9,5,0
105,74,69,13,0
111,80,127,17,0
111,87,102,19,0
98,70,54,9,0
33,28,13,2,0
44,34,15,1,0
84,67,72,13,0
106,70,78,14,0
69,79,101,73,1
38,35,12,0,0
35,37,9,0,0
111,51,111,9,0
41,35,10,0,0
70,90,112,76,1
38,24,5,2,0
40,33,15,0,0
121,87,92,20,0
102,69,50,12,0
92,71,61,4,0
83,47,27,5,0
100,50,28,2,0
47,34,11,0,0
39,38,11,2,0
32,25,8,0,0
87,66,62,11,0
41,40,13,0,0
40,39,10,0,0
91,76,76,5,0
36,30,10,0,0
74,120,249,248,1
50,33,11,0,0
40,28,11,2,0
37,36,14,0,0
59,29,15,1,0
53,37,11,2,0
102,50,25,4,0
104,84,85,7,0
101,79,66,7,0
53,41,24,0,0
96,96,104,20,0
42,24,18,1,0
90,58,55,8,0
46,36,12,2,0
104,86,92,16,0
118,85,98,9,0
112,70,57,13,0
38,33,8,5,0
110,75,88,10,0
97,83,87,15,0
106,67,105,16,0
114,89,109,15,0
40,35,12,0,0
36,28,7,0,0
41,30,7,0,0
42,31,11,3,0
117,81,96,14,0
112,81,76,18,0
36,37,12,0,0
51,33,12,0,0
96,69,77,17,0
96,56,20,4,0
37,35,7,2,0
100,82,127,14,0
63,30,11,3,0
79,48,19,2,0
29,15,10,0,0
107,91,83,12,0
102,66,71,2,0
98,72,74,6,0
45,29,15,0,0
93,91,90,12,0
31,32,5,0,0
104,82,74,8,0
49,30,12,0,0
50,31,9,0,0
110,83,105,3,0
98,78,83,6,0
106,81,81,12,0
99,73,92,16,0
120,78,123,15,0
62,53,14,3,0
93,78,97,20,0
41,39,6,7,0
105,65,69,4,0
66,83,105,87,1
46,34,11,0,0
102,46,33,3,0
101,75,69,3,0
90,77,75,7,0
70,56,24,3,0
98,66,87,13,0
103,74,79,16,0
118,93,89,17,0
110,83,59,16,0
106,93,123,16,0
27,20,5,0,0
41,27,8,2,0
43,35,12,2,0
50,32,12,0,0
105,83,132,19,0
44,28,13,2,0
81,53,20,0,0
49,36,15,0,0
124,83,123,7,0
87,65,72,37,1
48,28,15,0,0
41,35,5,0,0
48,42,20,3,0
121,79,133,21,0
51,41,15,2,0
44,39,17,6,0
45,31,13,0,0
49,25,8,4,0
48,45,15,2,0
39,35,17,3,0
45,23,14,0,0
37,25,13,0,0
104,84,89,9,0
95,67,73,11,0
41,32,9,0,0
113,101,151,21,0
102,80,103,6,0
40,35,8,0,0
47,42,18,0,0
39,30,13,2,0
36,31,12,6,0
86,85,143,11,0
108,71,70,10,0
100,87,86,13,0
116,88,113,12,0
48,33,10,0,0
53,38,11,0,0
105,52,28,0,0
95,78,76,15,0
118,92,144,14,0
104,64,99,9,0
60,35,14,0,0
42,30,8,0,0
111,90,165,14,0
45,34,7,1,0
40,32,21,1,0
89,67,53,4,0
44,31,8,3,0
55,39,13,3,0
43,39,2,0,0
36,32,12,0,0
41,29,10,3,0
42,26,16,0,0
39,31,15,1,0
102,73,98,14,0
36,32,4,4,0
33,31,4,0,0
40,25,15,2,0
99,75,98,11,0
101,49,26,0,0
57,46,13,0,0
41,31,5,4,0
103,80,86,9,0
48,28,14,2,0
113,72,136,27,0
48,28,10,0,0
41,35,15,0,0
112,82,94,12,0
89,71,74,12,0
85,88,84,6,0
43,30,15,0,0
110,71,122,23,0
46,35,10,2,0
42,37,12,3,0
96,80,90,8,0
66,40,15,1,0
103,72,44,0,0
105,76,92,14,0
104,64,89,11,0
94,79,72,15,0
114,84,99,9,0
60,33,26,0,0
108,84,129,15,0
108,74,96,14,0
105,79,118,18,0
100,68,112,15,0
33,27,8,0,0
29,27,2,4,0
49,32,12,7,0
102,84,117,27,0
32,33,12,0,0
99,58,52,9,0
43,42,16,2,0
96,103,120,15,0
47,37,10,0,0
108,67,96,13,0
11,18,17,0,0
104,71,65,0,0
59,38,14,1,0
98,68,72,14,0
103,77,103,1,0
51,39,12,0,0
47,34,10,4,0
101,58,68,9,0
97,76,83,8,0
98,77,57,4,0
115,81,172,30,0
95,81,93,8,0
101,77,85,5,0
45,29,10,4,0
103,75,100,7,0
72,35,20,1,0
103,80,106,15,0
17,8,23,1,0
44,24,13,0,0
94,50,29,0,0
96,72,78,10,0
102,74,95,16,0
78,44,19,0,0
95,76,73,11,0
36,26,11,2,0
94,75,81,12,0
112,79,155,24,0
41,29,14,0,0
122,66,126,20,0
100,71,89,7,0
103,68,30,0,0
98,82,86,14,0
41,33,7,0,0
102,90,121,9,0
39,28,11,3,0
42,32,13,3,0
40,35,21,1,0
37,30,6,3,0
35,23,7,4,0
106,83,89,10,0
102,71,71,5,0
55,37,8,4,0
100,93,95,20,0
125,143,249,248,1
100,88,67,10,0
101,77,79,16,0
100,70,83,16,0
102,77,72,10,0
39,27,8,3,0
109,89,120,13,0
101,73,105,13,0
101,68,90,14,0
107,70,71,4,0
45,29,5,0,0
13,19,18,0,0
39,36,17,3,0
101,76,88,23,0
91,76,62,11,0
94,32,29,0,0
37,32,12,0,0
110,79,75,9,0
38,31,14,3,0
40,31,8,0,0
45,35,9,4,0
96,68,74,14,0
91,78,83,15,0
110,66,84,12,0
114,43,135,24,0
32,28,11,0,0
44,31,7,0,0
106,85,108,7,0
118,92,139,23,0
107,69,93,24,0
73,62,54,11,0
81,40,24,4,0
101,84,83,12,0
49,31,18,5,0
116,83,130,11,0
33,39,17,4,0
107,113,134,32,0
98,78,64,7,0
36,24,12,5,0
43,35,7,2,0
64,34,11,0,0
36,26,16,0,0
107,76,104,7,0
37,29,12,5,0
53,35,17,0,0
41,36,13,4,0
96,75,76,13,0
112,72,72,9,0
109,82,115,22,0
95,43,27,0,0
40,29,10,5,0
102,82,155,29,0
107,54,29,1,0
83,29,16,5,0
103,72,61,10,0
33,18,9,0,0
113,87,142,20,0
110,81,90,21,0
114,83,107,20,0
41,30,7,0,0
44,30,11,3,0
106,82,94,20,0
51,32,22,0,0
108,61,88,8,0
97,70,78,7,0
119,70,99,5,0
117,52,91,15,0
191,128,141,21,0
108,72,92,12,0
57,19,47,8,0
45,36,5,7,0
117,87,122,20,0
38,33,6,1,0
31,30,10,4,0
42,33,13,0,0
98,82,121,16,0
42,32,10,3,0
43,34,7,0,0
110,89,101,29,0
42,32,14,0,0
111,68,66,14,0
94,48,18,0,0
35,34,8,0,0
56,39,16,1,0
105,70,100,10,0
100,60,58,6,0
47,32,7,10,0
47,33,7,0,0
47,38,13,2,0
120,78,98,15,0
77,59,112,88,1
39,37,13,3,0
86,63,73,8,0
100,67,119,7,0
92,75,75,11,0
99,71,132,7,0
111,59,114,20,0
31,14,10,0,0
106,82,105,12,0
106,51,110,14,0
42,31,14,3,0
98,62,81,5,0
102,44,41,5,0
51,44,16,0,0
45,41,11,0,0
100,74,80,9,0
29,31,10,0,0
53,29,14,1,0
33,30,7,0,0
39,35,17,0,0
94,67,58,12,0
9,7,6,0,0
42,27,12,4,0
98,86,68,4,0
42,31,15,0,0
101,75,71,15,0
47,38,14,0,0
108,84,127,20,0
111,74,95,15,0
34,31,15,1,0
56,35,17,0,0
64,75,109,84,1
34,31,15,1,0
107,87,84,18,0
40,36,15,0,0
95,72,80,20,0
58,45,13,0,0
60,38,12,0,0
107,77,74,8,0
40,34,8,0,0
92,47,22,0,0
37,34,14,5,0
42,31,20,1,0
47,28,11,0,0
92,73,57,11,0
91,75,87,13,0
44,35,13,0,0
48,30,10,3,0
102,88,77,20,0
111,111,132,14,0
98,73,107,9,0
103,63,92,11,0
110,88,126,9,0
113,55,26,0,0
109,78,76,10,0
102,74,85,8,0
37,28,10,3,0
32,30,11,0,0
103,63,80,12,0
100,81,90,16,0
36,31,21,0,0
53,36,14,0,0
112,68,118,14,0
106,78,87,18,0
29,31,7,3,0
91,66,90,20,0
102,85,103,17,0
37,38,11,0,0
97,83,95,13,0
43,36,4,0,0
43,33,23,1,0
39,25,14,0,0
98,50,26,2,0
101,75,106,19,0
112,92,116,21,0
92,82,102,7,0
46,43,3,0,0
92,62,98,11,0
92,63,83,18,0
116,81,121,24,0
86,72,74,10,0
39,27,12,0,0
43,29,11,1,0
96,88,73,5,0
103,66,100,14,0
42,27,16,2,0
95,63,83,12,0
38,30,13,1,0
36,33,22,2,0
65,143,107,7,0
48,25,11,2,0
96,67,66,11,0
44,38,12,2,0
114,100,129,31,0
81,34,10,1,0
98,78,84,12,0
32,21,13,1,0
35,34,18,1,0
42,30,5,0,0
47,30,14,0,0
112,80,125,25,0
113,79,110,8,0
34,33,5,1,0
95,83,81,15,0
42,42,14,0,0
50,47,12,0,0
118,108,104,17,0
48,26,7,0,0
119,66,97,12,0
101,73,76,12,0
52,29,11,0,0
93,84,92,11,0
54,33,19,0,0
34,31,17,0,0
96,63,84,2,0
73,45,46,135,1
218,199,249,248,1
38,18,13,0,0
111,71,137,9,0
46,16,10,0,0
26,21,8,0,0
108,75,76,6,0
48,29,17,2,0
60,64,65,28,0
38,29,8,0,0
105,61,104,20,0
55,31,15,0,0
97,73,67,5,0
36,26,11,0,0
101,78,85,12,0
32,25,12,4,0
109,76,106,10,0
36,21,14,2,0
110,85,110,20,0
37,29,18,1,0
92,36,24,3,0
28,23,15,4,0
30,25,16,4,0
40,32,9,0,0
107,99,136,26,0
116,76,132,28,0
96,79,71,4,0
43,31,13,1,0
29,25,5,1,0
95,81,105,14,0
108,83,63,15,0
94,63,88,17,0
32,35,8,0,0
94,60,83,13,0
43,31,13,0,0
31,30,4,2,0
81,44,16,0,0
93,74,62,9,0
108,56,41,2,0
116,76,85,7,0
110,81,119,12,0
93,47,24,2,0
44,37,15,0,0
74,75,105,66,1
91,47,28,0,0
48,30,12,1,0
127,80,108,21,0
106,46,24,3,0
29,23,5,0,0
50,33,14,0,0
31,26,16,4,0
94,70,82,9,0
39,32,13,4,0
94,79,104,16,0
47,35,10,3,0
55,29,9,1,0
105,64,80,11,0
96,66,45,5,0
31,34,6,0,0
68,79,83,41,1
102,81,92,9,0
42,33,14,2,0
69,54,151,57,1
94,52,25,2,0
35,30,9,2,0
42,26,11,0,0
112,91,129,19,0
54,28,12,0,0
43,26,13,0,0
39,28,10,4,0
43,33,24,0,0
105,71,78,14,0
46,28,58,9,0
53,26,7,0,0
90,43,39,0,0
44,33,17,4,0
116,87,121,18,0
91,85,114,20,0
51,38,9,4,0
108,82,94,20,0
43,36,6,0,0
37,32,5,0,0
66,33,15,0,0
50,35,15,0,0
114,85,92,17,0
38,29,9,2,0
87,69,75,10,0
74,36,18,2,0
31,22,12,2,0
112,89,78,15,0
99,78,81,12,0
34,28,5,1,0
91,80,52,4,0
89,40,21,1,0
71,41,11,1,0
43,29,9,3,0
89,42,20,1,0
107,84,118,13,0
44,26,10,2,0
107,79,112,14,0
106,85,72,9,0
48,32,22,1,0
97,40,17,2,0
41,28,10,1,0
42,47,13,0,0
90,71,120,7,0
116,91,122,19,0
98,72,69,11,0
116,103,106,25,0
112,70,88,18,0
33,28,7,3,0
43,32,14,0,0
37,38,10,3,0
41,37,14,0,0
22,9,28,2,0
39,29,12,2,0
98,84,111,9,0
98,84,105,14,0
91,56,22,0,0
47,34,13,0,0
110,92,134,21,0
57,45,18,2,0
125,86,116,19,0
24,24,13,3,0
104,66,115,4,0
114,64,99,7,0
37,22,13,0,0
47,25,11,0,0
35,35,18,1,0
103,73,77,8,0
104,82,109,14,0
39,32,8,0,0
112,87,106,16,0
40,25,21,0,0
98,73,62,3,0
79,68,52,9,0
42,28,11,0,0
105,90,113,21,0
112,82,137,14,0
129,85,98,10,0
108,74,103,14,0
108,70,80,14,0
33,16,18,0,0
106,82,91,9,0
35,35,23,0,0
36,30,8,0,0
86,44,33,0,0
93,80,68,12,0
103,84,141,23,0
37,27,18,1,0
40,34,16,1,0
27,24,20,4,0
58,35,16,0,0
50,39,22,2,0
40,38,12,3,0
109,74,71,10,0
36,26,11,6,0
124,80,127,13,0
99,72,88,9,0
107,80,108,10,0
14,15,21,0,0
97,85,100,11,0
108,73,108,12,0
58,46,16,0,0
102,46,19,0,0
111,83,74,13,0
96,80,79,9,0
105,82,109,8,0
99,79,84,6,0
120,116,158,23,0
40,37,12,1,0
118,83,177,24,0
44,24,17,0,0
48,26,21,0,0
30,20,5,2,0
95,70,96,9,0
31,34,4,1,0
98,82,116,18,0
38,29,15,0,0
113,48,35,2,0
47,25,12,4,0
91,48,28,5,0
54,35,21,1,0
52,38,17,0,0
70,74,91,76,1
60,33,17,2,0
102,71,75,8,0
41,41,13,2,0
93,71,89,6,0
119,92,124,28,0
99,70,81,8,0
49,40,19,0,0
94,72,73,5,0
100,74,67,7,0
105,45,32,2,0
42,28,16,2,0
61,92,114,114,1
32,36,3,0,0
59,35,14,0,0
52,30,14,0,0
47,39,10,2,0
99,68,83,12,0
59,83,65,62,1
102,84,88,9,0
46,32,12,1,0
86,62,49,7,0
57,30,11,4,0
32,31,9,3,0
91,77,72,13,0
105,79,101,13,0
110,74,114,7,0
49,29,26,2,0
93,76,67,6,0
42,29,12,0,0
78,46,23,3,0
98,76,89,16,0
91,52,35,1,0
43,31,11,0,0
45,83,116,108,1
91,73,81,19,0
39,29,12,0,0
121,84,137,16,0
111,51,96,18,0
99,78,100,23,0
37,54,136,120,1
45,28,14,2,0
95,66,76,2,0
93,81,91,21,0
46,35,11,0,0
100,71,73,5,0
97,72,106,14,0
43,35,11,0,0
99,71,93,14,0
104,63,112,15,0
95,66,70,7,0
43,31,13,0,0
89,68,68,5,0
31,27,10,4,0
98,77,70,6,0
44,33,14,2,0
93,66,75,9,0
35,28,9,1,0
48,30,20,1,0
101,72,86,10,0
40,32,12,0,0
89,51,32,0,0
39,27,7,0,0
44,36,8,1,0
95,88,85,11,0
41,33,14,4,0
46,53,148,107,1
100,64,92,14,0
101,73,99,10,0
101,69,98,4,0
84,41,33,2,0
29,30,9,0,0
111,74,94,6,0
108,93,92,16,0
109,60,59,7,0
43,37,10,0,0
45,28,13,3,0
31,20,15,2,0
58,31,16,9,0
99,90,91,9,0
114,84,152,37,1
29,20,9,0,0
43,30,10,0,0
62,52,81,8,0
101,76,86,5,0
109,65,83,10,0
75,35,17,0,0
90,51,25,1,0
41,26,22,3,0
36,24,8,0,0
92,71,75,8,0
42,38,11,0,0
33,24,7,1,0
108,70,63,7,0
98,54,71,10,0
41,31,6,2,0
44,33,11,1,0
92,67,89,14,0
77,69,104,55,1
50,35,15,3,0
44,39,12,0,0
43,32,11,0,0
106,65,104,17,0
42,34,10,0,0
94,74,76,2,0
109,69,92,16,0
36,28,16,0,0
29,24,17,4,0
38,33,13,2,0
85,37,22,0,0
109,88,88,11,0
43,31,9,2,0
101,78,94,9,0
108,92,84,26,0
97,85,101,29,0
36,30,16,4,0
40,26,8,3,0
53,35,13,1,0
117,101,88,11,0
104,67,78,10,0
50,42,13,1,0
108,83,95,14,0
96,67,83,5,0
86,53,46,3,0
36,31,20,1,0
37,28,13,3,0
50,32,12,0,0
16,16,7,2,0
111,53,125,16,0
46,41,12,0,0
99,64,73,16,0
100,44,27,1,0
100,100,96,14,0
104,69,84,7,0
59,31,14,0,0
46,36,15,0,0
54,29,53,1,0
128,117,156,41,1
86,55,117,17,0
54,37,12,0,0
76,71,120,84,1
106,87,136,18,0
42,32,10,0,0
113,78,120,20,0
45,30,12,4,0
105,73,78,8,0
124,78,117,25,0
125,60,90,14,0
49,36,14,0,0
99,49,27,3,0
42,27,9,1,0
107,85,96,7,0
32,25,14,4,0
119,80,125,12,0
36,32,6,0,0
111,75,83,14,0
99,69,103,11,0
89,67,55,22,0
64,72,52,7,0
31,29,9,0,0
101,63,82,10,0
69,78,106,96,1
43,33,11,0,0
44,32,13,2,0
124,85,157,18,0
97,61,61,12,0
90,70,99,11,0
102,63,77,6,0
93,56,56,7,0
42,31,11,3,0
35,26,17,7,0
50,35,16,0,0
106,73,77,7,0
87,44,21,3,0
91,78,92,14,0
35,25,56,4,0
87,27,49,1,0
98,60,23,1,0
35,30,10,1,0
39,34,10,4,0
108,82,91,6,0
35,29,8,0,0
110,63,106,19,0
45,30,16,1,0
113,92,127,25,0
54,30,12,0,0
55,33,11,1,0
112,75,99,20,0
105,69,83,11,0
39,29,9,0,0
89,67,67,12,0
37,28,16,4,0
86,69,65,8,0
46,39,13,2,0
47,31,16,0,0
108,81,108,25,0
125,86,150,29,0
95,71,55,7,0
93,85,112,8,0
37,27,15,0,0
96,56,29,4,0
93,70,64,11,0
84,54,67,1,0
87,68,81,3,0
99,55,27,5,0
32,30,11,0,0
97,73,86,12,0
94,64,62,9,0
41,31,17,4,0
98,64,82,7,0
101,86,83,8,0
108,77,97,12,0
122,75,99,13,0
52,25,16,0,0
31,27,10,2,0
85,76,58,6,0
110,97,105,10,0
104,81,108,8,0
93,68,64,7,0
36,35,11,1,0
81,35,12,3,0
70,89,89,94,1
97,82,80,19,0
106,85,119,18,0
98,77,96,6,0
39,38,10,0,0
45,37,12,0,0
80,81,89,16,0
41,29,23,0,0
113,78,84,9,0
44,29,17,0,0
111,79,88,10,0
92,42,16,5,0
83,34,26,0,0
105,73,96,16,0
35,34,9,0,0
46,24,15,2,0
42,34,16,2,0
42,37,13,3,0
89,67,77,5,0
106,83,79,14,0
45,35,14,0,0
99,103,127,18,0
102,74,82,3,0
112,86,118,12,0
110,68,98,10,0
101,76,113,21,0
112,86,128,20,0
103,81,116,13,0
107,76,134,14,0
101,75,120,15,0
32,23,28,6,0
97,68,100,11,0
44,36,9,0,0
96,43,20,2,0
91,50,29,1,0
105,55,78,14,0
110,82,102,11,0
117,73,96,14,0
100,63,74,12,0
87,51,11,2,0
41,30,8,2,0
95,76,121,18,0
97,87,89,11,0
42,34,11,0,0
99,71,92,12,0
118,96,123,15,0
100,83,90,10,0
89,79,50,6,0
94,49,28,0,0
94,42,24,0,0
45,25,13,0,0
44,39,12,0,0
103,97,152,23,0
92,49,32,7,0
57,31,41,6,0
48,38,11,4,0
61,45,20,0,0
58,39,14,3,0
86,44,30,0,0
98,50,19,0,0
112,76,85,22,0
100,57,97,18,0
48,41,13,0,0
101,76,85,11,0
35,27,10,2,0
32,32,11,1,0
105,68,91,13,0
101,71,73,12,0
98,38,28,3,0
101,57,31,0,0
61,32,10,5,0
114,69,112,14,0
94,69,83,19,0
113,67,94,17,0
51,33,10,0,0
108,79,122,17,0
101,71,84,19,0
25,29,14,0,0
46,33,13,0,0
98,66,89,8,0
99,65,93,15,0
37,61,21,4,0
99,69,105,13,0
100,71,57,7,0
94,50,24,0,0
88,86,55,21,0
39,28,18,5,0
102,36,25,4,0
44,29,13,2,0
102,76,68,8,0
42,29,20,0,0
104,76,74,19,0
111,81,117,10,0
35,31,14,1,0
102,77,120,17,0
113,78,119,27,0
97,73,50,11,0
42,24,7,0,0
95,66,80,8,0
98,66,66,8,0
47,31,18,2,0
39,36,18,0,0
92,55,55,8,0
42,26,9,0,0
78,45,25,2,0
89,64,69,21,0
119,94,144,23,0
100,42,34,8,0
37,30,8,2,0
103,63,68,8,0
107,88,113,20,0
47,29,18,2,0
95,68,64,5,0
93,71,94,12,0
98,59,29,2,0
51,32,11,3,0
122,78,118,20,0
97,72,81,7,0
34,27,15,2,0
47,26,16,0,0
75,26,16,3,0
100,88,69,6,0
129,77,121,22,0
38,33,10,2,0
40,28,16,6,0
96,50,24,4,0
43,28,10,0,0
102,70,71,6,0
98,71,111,75,1
100,74,65,6,0
41,31,13,0,0
50,39,12,5,0
45,31,14,3,0
46,40,19,1,0
103,64,104,8,0
106,83,103,15,0
95,90,121,21,0
92,82,110,12,0
29,31,9,3,0
117,75,120,14,0
24,21,13,0,0
91,47,24,1,0
106,71,106,15,0
97,62,73,11,0
40,31,4,1,0
43,28,11,0,0
51,31,18,4,0
42,33,7,0,0
36,26,17,2,0
44,31,17,3,0
105,73,129,16,0
34,39,11,0,0
104,42,37,1,0
29,23,10,4,0
110,76,94,18,0
43,25,18,3,0
57,46,35,1,0
46,27,83,7,0
39,31,12,0,0
104,78,87,12,0
43,18,51,3,0
97,52,26,0,0
30,25,13,0,0
97,51,40,5,0
104,55,28,0,0
41,31,11,0,0
120,80,78,18,0
46,36,19,4,0
43,39,9,0,0
103,68,108,16,0
38,22,8,1,0
40,31,18,2,0
87,74,85,11,0
110,75,83,10,0
37,28,12,0,0
51,26,9,0,0
48,35,10,0,0
102,74,82,4,0
42,36,9,2,0
45,28,8,0,0
30,27,9,2,0
100,74,82,16,0
101,78,75,15,0
90,73,70,14,0
41,26,15,0,0
41,26,14,0,0
99,91,126,34,0
101,76,85,11,0
106,78,98,5,0
39,30,10,5,0
45,33,16,0,0
40,18,8,2,0
111,90,101,17,0
111,88,116,19,0
98,82,88,17,0
106,73,84,10,0
117,82,99,8,0
103,41,32,2,0
96,70,64,8,0
89,69,69,11,0
93,66,83,8,0
34,24,4,3,0
94,76,81,6,0
81,20,29,1,0
96,73,80,9,0
110,80,121,14,0
50,36,18,0,0
107,79,105,12,0
106,70,86,11,0
39,36,10,1,0
40,28,8,1,0
95,70,85,12,0
109,55,55,0,0
86,43,21,8,0
105,99,77,5,0
48,38,12,5,0
87,62,66,16,0
103,74,78,14,0
39,32,8,2,0
31,33,12,0,0
36,15,10,1,0
103,68,89,11,0
122,82,107,20,0
112,88,127,15,0
38,22,15,0,0
43,38,15,0,0
13,19,12,0,0
115,89,98,7,0
39,27,16,0,0
89,45,32,3,0
110,57,105,7,0
44,39,14,0,0
34,28,4,3,0
44,30,21,1,0
47,30,14,1,0
74,36,15,0,0
108,77,107,16,0
101,84,81,14,0
87,69,53,15,0
106,85,79,7,0
121,91,113,21,0
113,81,102,10,0
46,30,14,1,0
103,71,105,8,0
39,29,15,3,0
111,93,130,12,0
96,67,67,9,0
113,92,134,27,0
29,31,11,0,0
94,71,76,13,0
64,40,20,0,0
43,34,7,0,0
119,89,103,15,0
44,29,13,0,0
42,35,7,0,0
98,83,112,12,0
41,34,9,0,0
43,40,13,0,0
98,71,60,8,0
86,40,26,0,0
35,32,6,6,0
44,39,16,0,0
43,31,14,0,0
99,51,34,3,0
87,72,109,11,0
100,67,99,16,0
45,32,16,4,0
44,34,11,0,0
108,68,88,10,0
41,31,10,0,0
96,85,76,7,0
42,29,15,0,0
103,66,110,18,0
84,80,65,11,0
37,31,17,2,0
90,80,82,8,0
103,74,96,8,0
99,84,109,16,0
44,30,10,0,0
50,27,44,5,0
59,86,147,121,1
125,94,132,16,0
106,64,75,23,0
104,105,120,14,0
45,28,9,4,0
115,85,83,11,0
44,27,21,3,0
38,33,10,2,0
48,29,32,7,0
47,34,20,0,0
46,29,7,0,0
52,37,14,1,0
108,77,120,11,0
100,76,93,11,0
46,31,14,0,0
27,16,7,2,0
35,27,14,2,0
37,30,13,2,0
38,26,9,3,0
38,31,9,0,0
40,31,7,0,0
104,45,28,0,0
90,81,97,9,0
108,61,79,13,0
98,39,15,0,0
41,32,14,0,0
88,75,77,12,0
36,31,12,1,0
36,31,13,0,0
31,27,5,0,0
51,34,16,5,0
96,89,100,9,0
39,31,13,9,0
32,24,13,0,0
104,81,83,15,0
43,31,6,0,0
102,79,77,14,0
38,32,13,1,0
40,31,11,4,0
90,66,62,8,0
95,75,97,10,0
116,83,99,9,0
33,21,11,1,0
42,27,12,0,0
98,86,92,10,0
118,107,139,18,0
47,41,27,9,0
114,82,106,22,0
41,29,14,1,0
49,28,16,0,0
93,50,35,1,0
44,34,10,0,0
108,66,93,7,0
42,26,24,0,0
99,73,95,12,0
42,34,6,2,0
42,29,14,1,0
108,69,97,6,0
99,84,93,9,0
107,88,116,12,0
98,69,85,9,0
43,31,7,0,0
59,28,20,0,0
106,90,132,5,0
100,75,72,15,0
62,35,22,0,0
37,29,15,1,0
39,34,14,1,0
98,79,89,9,0
100,59,102,15,0
86,77,249,84,1
120,64,115,55,1
125,89,174,29,0
105,76,122,9,0
118,87,121,15,0
70,27,33,0,0
116,110,118,20,0
41,29,14,0,0
33,30,14,4,0
56,42,12,0,0
127,95,115,15,0
70,62,14,1,0
107,73,89,14,0
48,41,11,2,0
94,89,64,8,0
131,58,111,26,0
122,109,133,13,0
50,26,3,3,0
35,25,9,0,0
39,28,21,0,0
96,43,22,4,0
52,35,13,3,0
113,80,120,19,0
58,34,19,0,0
110,77,104,11,0
45,40,8,0,0
104,60,65,12,0
29,24,51,6,0
103,81,86,8,0
33,32,9,1,0
113,70,119,11,0
27,20,10,1,0
33,32,10,0,0
51,32,19,2,0
35,30,16,3,0
105,74,102,11,0
110,79,102,20,0
43,31,15,2,0
103,79,105,20,0
45,28,5,0,0
102,74,102,15,0
38,30,14,3,0
112,79,93,15,0
95,75,71,5,0
103,74,91,6,0
29,21,16,4,0
35,32,15,2,0
100,58,26,1,0
33,23,9,0,0
42,32,7,3,0
117,73,97,20,0
95,72,118,7,0
96,47,32,5,0
34,35,12,0,0
33,38,12,0,0
39,31,8,1,0
91,38,26,0,0
94,71,72,12,0
102,64,67,15,0
36,31,16,0,0
39,29,5,0,0
38,32,9,0,0
106,72,80,9,0
40,35,16,3,0
83,72,111,92,1
35,31,14,3,0
123,77,149,25,0
42,33,7,2,0
42,26,17,2,0
88,79,106,9,0
41,70,32,18,0
53,31,16,1,0
48,48,11,0,0
47,27,23,1,0
131,103,111,10,0
44,32,18,4,0
35,23,14,0,0
100,38,26,3,0
40,32,10,5,0
45,27,12,4,0
43,27,21,1,0
103,78,61,6,0
99,62,98,5,0
93,70,97,50,1
44,29,18,1,0
64,102,165,66,1
121,70,83,12,0
35,30,10,2,0
55,43,21,0,0
95,59,95,17,0
99,63,64,7,0
91,81,79,14,0
110,81,96,12,0
36,28,13,2,0
105,71,112,10,0
101,70,72,10,0
100,82,85,10,0
92,47,27,0,0
120,96,112,7,0
46,41,5,3,0
35,30,11,4,0
108,50,30,0,0
32,26,9,0,0
39,28,17,7,0
37,22,9,0,0
111,82,128,20,0
42,60,24,0,0
107,85,135,25,0
96,79,112,13,0
85,43,101,5,0
104,82,75,12,0
105,74,59,13,0
37,36,16,0,0
117,88,119,28,0
42,31,10,0,0
97,76,70,12,0
107,81,110,12,0
94,58,54,10,0
101,64,81,19,0
108,83,155,34,0
105,85,80,7,0
105,86,140,17,0
108,64,98,11,0
34,22,10,2,0
120,71,129,11,0
37,30,7,0,0
45,33,14,2,0
123,83,144,18,0
113,75,110,20,0
38,28,10,0,0
100,88,93,12,0
97,80,114,7,0
98,76,113,11,0
90,47,23,2,0
65,33,14,5,0
94,76,87,6,0
34,23,5,0,0
122,90,111,22,0
41,29,18,1,0
115,95,140,24,0
62,54,67,8,0
101,68,56,11,0
100,74,51,14,0
82,39,20,1,0
39,16,6,0,0
104,76,99,10,0
106,76,71,12,0
37,37,9,3,0
40,32,17,0,0
41,25,16,0,0
42,44,12,0,0
23,28,5,0,0
110,76,74,7,0
96,73,55,8,0
52,34,14,1,0
52,30,11,1,0
40,48,16,1,0
96,66,80,11,0
111,82,114,7,0
90,44,23,2,0
60,30,13,0,0
98,45,19,2,0
35,27,11,9,0
123,80,111,10,0
37,25,11,2,0
38,29,12,0,0
98,67,126,16,0
100,74,74,10,0
113,80,143,26,0
118,103,130,15,0
12,21,12,2,0
87,64,77,48,1
102,69,81,2,0
40,28,18,0,0
101,103,86,15,0
37,35,19,0,0
99,78,67,10,0
92,91,139,11,0
115,88,102,14,0
109,63,97,14,0
44,30,12,1,0
107,66,122,19,0
32,30,15,0,0
99,76,101,13,0
42,28,14,4,0
115,91,106,27,0
93,61,88,10,0
95,72,54,8,0
41,31,10,3,0
100,80,100,8,0
97,50,29,3,0
82,83,89,58,1
103,77,98,4,0
45,36,15,2,0
32,26,8,0,0
39,31,12,0,0
42,26,11,1,0
38,31,15,0,0
105,66,97,12,0
45,27,23,1,0
34,30,7,0,0
12,19,10,1,0
114,77,152,23,0
100,59,63,8,0
106,68,68,13,0
35,25,6,0,0
44,27,7,1,0
105,73,80,9,0
102,83,94,16,0
86,43,28,0,0
40,29,17,3,0
28,27,11,0,0
41,33,15,0,0
100,69,86,15,0
33,27,10,0,0
49,35,62,1,0
48,37,13,6,0
106,67,77,12,0
102,76,116,11,0
96,71,80,15,0
57,76,69,43,1
107,72,84,11,0
96,40,36,2,0
31,21,11,0,0
47,40,10,1,0
89,70,61,3,0
47,29,22,0,0
111,62,108,17,0
88,45,29,0,0
99,58,40,11,0
103,55,88,12,0
34,24,16,1,0
44,45,9,0,0
22,18,10,4,0
65,49,13,7,0
40,31,8,2,0
45,31,17,0,0
46,27,10,0,0
27,30,3,3,0
102,51,31,2,0
37,33,20,2,0
41,31,16,0,0
95,85,99,12,0
100,82,92,53,1
101,70,82,8,0
91,30,32,4,0
38,32,13,0,0
107,73,65,15,0
36,30,10,5,0
90,79,80,18,0
32,29,9,0,0
48,28,6,0,0
66,81,98,55,1
102,77,74,11,0
104,53,42,3,0
93,65,44,10,0
36,29,20,0,0
96,77,102,14,0
99,72,79,16,0
51,86,125,71,1
43,26,18,0,0
45,39,20,0,0
41,35,5,2,0
34,28,13,2,0
44,33,9,0,0
32,22,12,0,0
112,76,104,24,0
40,36,6,5,0
106,85,101,10,0
40,31,12,2,0
59,25,14,2,0
100,76,108,5,0
40,29,8,0,0
41,33,6,2,0
41,23,22,2,0
77,23,28,0,0
98,58,25,0,0
108,87,101,15,0
98,54,26,3,0
99,49,29,2,0
34,29,8,0,0
95,50,42,0,0
34,20,7,4,0
37,26,10,2,0
42,38,13,0,0
38,28,17,3,0
48,36,12,0,0
45,28,22,2,0
96,69,79,11,0
106,89,87,18,0
52,41,12,0,0
37,29,14,1,0
87,49,34,1,0
42,28,14,1,0
39,28,11,0,0
48,39,11,1,0
44,30,12,0,0
47,34,19,4,0
40,30,13,0,0
37,31,10,3,0
105,75,76,10,0
33,28,7,0,0
49,47,15,1,0
100,73,90,15,0
105,82,92,14,0
52,47,19,5,0
45,24,12,0,0
35,26,13,3,0
103,53,98,26,0
39,33,8,1,0
100,64,98,22,0
108,79,97,11,0
33,32,16,0,0
97,68,67,10,0
103,58,88,9,0
34,36,8,0,0
109,61,74,14,0
38,32,10,0,0
101,79,84,19,0
91,75,72,16,0
34,29,11,0,0
107,80,100,21,0
110,72,119,12,0
93,70,66,9,0
98,54,47,4,0
103,73,94,3,0
30,22,12,0,0
110,64,92,18,0
43,39,18,0,0
40,32,9,2,0
112,73,68,8,0
42,27,13,4,0
88,64,53,6,0
99,58,40,0,0
51,34,10,2,0
50,32,11,0,0
38,29,12,0,0
109,88,118,20,0
51,29,15,1,0
36,30,12,0,0
103,68,111,19,0
105,72,60,11,0
35,28,10,0,0
92,67,64,5,0
87,53,21,5,0
34,34,8,2,0
51,33,18,3,0
83,57,78,7,0
100,75,89,6,0
46,33,21,2,0
75,78,86,76,1
40,36,16,0,0
116,86,112,18,0
106,83,109,15,0
38,32,6,0,0
49,29,13,3,0
96,43,21,3,0
36,25,11,3,0
53,37,11,0,0
31,22,21,0,0
108,94,115,23,0
44,35,14,0,0
31,28,8,3,0
43,42,5,2,0
53,32,15,0,0
98,70,105,15,0
44,27,10,1,0
39,33,8,2,0
110,81,96,15,0
95,50,34,0,0
40,32,11,0,0
35,30,12,2,0
116,105,96,13,0
43,29,15,0,0
37,36,12,1,0
39,31,12,0,0
38,27,12,0,0
38,27,17,4,0
95,50,30,0,0
108,93,110,18,0
41,22,12,2,0
42,28,16,3,0
98,83,86,9,0
44,37,13,0,0
94,68,65,5,0
124,78,132,23,0
35,26,6,0,0
118,80,140,21,0
108,69,154,27,0
39,32,12,3,0
41,42,17,0,0
106,74,107,22,0
52,39,8,2,0
117,67,113,14,0
40,28,12,0,0
107,92,118,14,0
92,44,28,2,0
39,30,9,3,0
101,72,105,8,0
44,32,11,0,0
105,79,98,20,0
102,79,94,12,0
46,32,17,0,0
92,65,58,6,0
35,26,10,1,0
138,118,194,31,0
104,69,83,12,0
115,77,123,21,0
43,31,19,0,0
76,71,90,65,1
20,24,8,2,0
110,91,109,13,0
77,56,22,2,0
113,49,83,9,0
101,29,21,0,0
93,79,97,16,0
96,36,19,2,0
105,78,99,11,0
96,64,92,15,0
51,18,16,0,0
100,74,79,7,0
57,38,7,0,0
96,52,22,1,0
103,73,80,8,0
81,45,20,5,0
107,84,124,24,0
91,48,17,5,0
43,38,6,1,0
105,78,57,9,0
102,53,89,7,0
41,32,6,0,0
126,89,154,23,0
113,84,128,16,0
111,82,119,13,0
121,101,116,21,0
51,25,17,4,0
40,18,11,2,0
111,76,95,15,0
78,33,11,0,0
92,40,19,1,0
39,34,11,0,0
38,30,6,4,0
105,82,122,17,0
42,31,6,3,0
39,25,15,0,0
31,15,8,3,0
39,29,8,0,0
25,28,17,1,0
117,84,183,41,1
37,32,11,6,0
107,86,103,12,0
100,83,91,5,0
41,24,17,2,0
91,69,78,9,0
39,36,15,4,0
35,29,7,0,0
48,31,11,3,0
52,36,11,0,0
54,17,20,4,0
120,98,77,11,0
95,52,106,20,0
103,68,62,6,0
32,40,7,0,0
33,20,8,2,0
45,30,19,1,0
54,41,24,1,0
52,29,15,0,0
44,34,10,4,0
16,14,7,0,0
107,66,72,12,0
115,79,122,18,0
115,76,93,9,0
107,80,87,16,0
104,80,82,12,0
108,57,95,14,0
37,29,17,0,0
35,29,5,3,0
39,29,10,4,0
104,62,68,5,0
47,39,12,1,0
35,32,23,0,0
105,89,141,20,0
38,35,19,0,0
43,17,20,4,0
44,28,13,2,0
99,83,108,21,0
87,38,16,0,0
27,27,48,5,0
109,67,58,6,0
108,89,86,20,0
83,89,141,75,1
127,79,118,5,0
103,73,87,12,0
33,34,12,0,0
33,17,14,4,0
106,84,107,23,0
51,31,19,1,0
100,73,76,9,0
99,75,60,8,0
136,87,140,20,0
37,28,14,2,0
50,40,15,2,0
91,66,75,12,0
39,34,13,0,0
31,14,6,2,0
37,26,15,3,0
105,83,108,12,0
44,28,11,2,0
99,72,75,11,0
113,83,132,21,0
35,30,8,3,0
41,25,7,0,0
102,57,66,9,0
113,79,85,9,0
107,83,130,18,0
46,32,13,0,0
96,67,63,11,0
49,44,19,0,0
41,34,11,0,0
104,71,73,9,0
98,51,39,4,0
104,85,113,16,0
51,35,13,1,0
37,28,8,2,0
109,78,127,15,0
39,35,11,0,0
95,60,59,2,0
84,51,62,5,0
116,83,106,12,0
107,72,83,20,0
55,29,22,1,0
39,30,22,0,0
42,34,17,0,0
51,36,19,1,0
42,28,10,2,0
94,67,92,6,0
29,28,12,2,0
106,72,117,16,0
120,67,79,11,0
46,38,16,4,0
93,80,84,16,0
44,36,11,5,0
90,46,32,1,0
87,93,99,10,0
99,67,84,13,0
114,77,90,8,0
41,30,8,2,0
104,84,107,9,0
112,83,98,16,0
41,33,21,1,0
114,114,125,19,0
38,36,13,0,0
43,32,11,0,0
32,26,11,0,0
112,85,122,27,0
118,74,133,20,0
37,23,8,0,0
114,73,156,21,0
109,82,108,18,0
125,93,181,25,0
97,69,74,15,0
109,88,92,11,0
45,32,16,0,0
56,26,14,0,0
125,93,142,25,0
101,79,75,4,0
11,11,13,1,0
103,68,116,28,0
54,34,14,2,0
47,24,13,3,0
11,5,17,0,0
66,48,14,1,0
101,85,80,12,0
38,31,11,0,0
92,52,26,0,0
35,36,10,4,0
59,33,14,0,0
49,34,18,3,0
48,36,45,6,0
36,29,3,0,0
40,33,13,0,0
41,31,22,4,0
111,90,113,18,0
44,34,18,3,0
44,33,15,3,0
120,88,123,18,0
99,65,100,10,0
83,34,25,3,0
133,60,147,14,0
35,26,13,3,0
113,76,97,8,0
37,38,9,4,0
102,76,124,8,0
41,40,17,6,0
44,36,4,0,0
98,67,107,6,0
45,39,11,1,0
91,41,31,1,0
108,78,80,15,0
93,43,26,6,0
99,51,36,2,0
111,63,86,14,0
107,94,74,16,0
42,32,17,2,0
52,38,18,1,0
41,30,19,1,0
18,25,12,6,0
40,35,5,4,0
106,74,88,13,0
43,36,8,4,0
106,77,99,9,0
45,29,18,0,0
106,50,16,2,0
69,36,16,0,0
68,29,12,0,0
111,75,62,15,0
97,74,68,12,0
50,35,7,0,0
100,59,83,6,0
49,30,9,2,0
89,44,45,2,0
91,78,59,8,0
101,64,90,10,0
52,39,43,5,0
26,11,11,2,0
103,77,100,13,0
48,40,15,2,0
27,28,13,0,0
39,28,19,0,0
36,30,16,0,0
43,27,13,3,0
46,29,12,0,0
37,34,21,5,0
39,32,12,2,0
124,90,125,31,0
97,48,43,0,0
42,31,21,0,0
114,73,91,9,0
42,32,11,3,0
37,24,10,2,0
41,37,15,3,0
94,66,80,6,0
36,27,15,5,0
101,76,97,10,0
51,28,9,0,0
63,39,12,3,0
41,37,27,3,0
36,32,2,1,0
96,68,80,4,0
40,34,18,1,0
49,33,13,1,0
36,31,8,2,0
101,66,54,3,0
45,29,15,0,0
49,29,17,2,0
96,61,68,5,0
90,69,81,6,0
90,70,66,6,0
44,35,15,4,0
112,81,100,8,0
50,36,20,2,0
102,76,64,17,0
98,73,74,7,0
39,35,9,3,0
134,113,142,30,0
120,83,173,18,0
45,31,8,0,0
41,33,10,0,0
24,27,5,2,0
121,83,137,22,0
84,29,32,1,0
108,89,97,17,0
95,39,30,2,0
32,30,10,0,0
37,27,10,2,0
44,32,25,0,0
98,61,75,11,0
105,52,45,2,0
116,87,114,27,0
97,72,79,19,0
105,67,73,15,0
42,35,13,1,0
115,70,125,10,0
102,81,89,15,0
41,35,7,0,0
43,32,17,0,0
43,29,17,3,0
120,89,120,16,0
42,32,16,0,0
37,29,11,0,0
104,71,111,7,0
107,78,82,20,0
94,61,63,11,0
39,32,22,0,0
48,29,9,0,0
41,31,25,0,0
101,69,100,14,0
97,49,40,6,0
36,33,12,1,0
113,88,130,20,0
110,88,126,9,0
108,84,126,24,0
99,90,97,20,0
32,30,16,3,0
36,26,13,0,0
109,75,89,9,0
45,37,11,0,0
96,70,74,8,0
43,34,10,0,0
101,71,82,7,0
96,69,63,8,0
31,28,17,5,0
41,36,9,0,0
46,29,12,0,0
51,45,22,4,0
43,38,5,3,0
34,28,13,4,0
109,106,105,2,0
97,77,73,14,0
35,34,16,0,0
28,26,8,2,0
41,29,14,0,0
76,40,12,9,0
99,67,78,14,0
72,41,39,1,0
40,27,14,0,0
38,29,14,0,0
130,68,166,25,0
78,21,26,0,0
35,27,12,0,0
122,71,93,22,0
36,33,14,4,0
41,27,8,3,0
50,30,15,1,0
53,39,9,0,0
108,61,71,8,0
102,69,90,12,0
48,34,13,3,0
106,68,100,4,0
30,24,9,0,0
120,69,109,24,0
97,53,34,0,0
35,23,10,0,0
64,94,126,88,1
39,36,10,1,0
22,25,8,3,0
31,26,11,3,0
105,82,121,20,0
84,79,71,4,0
34,29,10,4,0
123,77,113,12,0
121,92,140,11,0
41,31,9,0,0
37,31,16,2,0
106,80,82,13,0
115,82,103,14,0
46,31,14,1,0
94,79,56,1,0
40,33,12,0,0
114,81,95,18,0
96,46,33,2,0
111,66,106,14,0
44,30,19,0,0
102,72,65,4,0
37,25,16,0,0
99,64,93,5,0
109,99,104,18,0
41,37,7,2,0
124,121,149,20,0
44,35,13,0,0
62,40,16,0,0
96,70,64,14,0
101,78,98,14,0
97,75,116,12,0
109,76,106,18,0
102,91,102,24,0
49,37,11,0,0
49,28,6,1,0
48,30,16,0,0
103,75,115,15,0
48,28,10,1,0
91,70,62,2,0
79,113,108,11,0
101,51,97,13,0
88,42,17,0,0
91,75,84,14,0
104,72,114,16,0
107,58,70,6,0
115,88,124,17,0
96,80,69,6,0
47,27,14,0,0
116,66,76,23,0
113,68,126,8,0
30,29,17,0,0
101,74,64,14,0
55,32,19,0,0
44,30,17,2,0
31,30,13,0,0
102,69,71,8,0
107,69,115,10,0
101,78,97,23,0
101,69,87,8,0
106,54,39,0,0
60,25,2,1,0
40,31,12,1,0
39,26,10,2,0
31,24,12,0,0
103,42,35,1,0
99,59,65,5,0
95,70,61,10,0
24,20,74,5,0
86,43,19,7,0
90,63,85,17,0
77,71,69,8,0
95,71,54,9,0
96,67,71,10,0
43,33,14,6,0
112,69,88,9,0
109,98,147,24,0
42,47,17,0,0
109,81,104,7,0
102,55,59,7,0
40,24,10,0,0
64,48,13,2,0
18,11,17,2,0
45,37,9,1,0
111,76,81,12,0
47,33,17,2,0
99,76,102,19,0
42,29,7,0,0
86,38,20,0,0
32,24,7,0,0
57,25,12,2,0
74,37,22,3,0
102,77,119,9,0
111,84,137,22,0
108,65,65,5,0
32,29,5,2,0
44,31,16,0,0
107,85,109,12,0
48,38,13,6,0
104,44,51,6,0
92,70,88,9,0
100,69,66,13,0
47,29,14,5,0
94,74,83,20,0
92,57,63,6,0
108,68,125,19,0
48,41,13,1,0
36,34,15,0,0
50,30,18,0,0
79,62,119,78,1
34,25,19,2,0
46,39,9,0,0
106,82,92,15,0
101,76,87,6,0
44,27,3,0,0
43,25,16,3,0
91,75,71,9,0
88,64,80,11,0
34,33,13,2,0
91,78,87,13,0
128,84,140,17,0
27,30,9,2,0
96,66,71,5,0
101,76,64,16,0
96,68,113,19,0
90,75,73,17,0
32,30,49,5,0
35,25,9,1,0
99,62,76,1,0
21,29,27,2,0
92,59,91,14,0
104,88,102,8,0
89,43,106,55,1
30,18,14,0,0
96,38,25,4,0
107,76,75,7,0
43,37,14,1,0
89,40,23,6,0
48,34,13,2,0
94,63,68,3,0
104,78,91,18,0
39,26,12,0,0
106,81,88,13,0
36,38,13,6,0
105,57,42,6,0
48,24,16,4,0
31,26,8,2,0
101,66,84,8,0
82,42,30,0,0
122,66,120,21,0
111,68,93,17,0
35,30,15,0,0
107,64,103,16,0
14,23,27,0,0
43,29,11,2,0
42,30,9,1,0
107,74,89,12,0
33,31,14,1,0
121,72,110,11,0
97,89,97,9,0
108,67,128,20,0
40,33,12,2,0
97,63,74,18,0
107,61,121,12,0
38,36,18,4,0
84,48,24,4,0
33,26,9,2,0
41,31,17,1,0
47,28,8,1,0
31,28,5,5,0
53,41,17,0,0
36,29,12,3,0
109,79,86,11,0
110,88,124,21,0
102,72,77,4,0
105,64,88,17,0
38,28,8,0,0
40,27,15,0,0
48,33,22,0,0
33,21,14,0,0
43,42,13,3,0
123,85,111,15,0
10,10,3,0,0
106,76,98,8,0
104,48,30,0,0
55,37,13,2,0
95,58,69,13,0
116,72,92,10,0
43,27,15,0,0
86,41,21,0,0
82,37,32,0,0
101,83,103,19,0
69,90,146,141,1
44,30,15,0,0
106,86,91,10,0
113,85,77,14,0
112,80,121,8,0
106,77,118,21,0
62,32,17,0,0
42,37,15,0,0
99,89,75,3,0
94,66,81,10,0
93,44,29,4,0
50,32,26,7,0
79,28,28,1,0
39,34,13,0,0
107,84,115,22,0
34,35,13,3,0
47,34,26,0,0
43,34,12,0,0
89,39,27,5,0
105,82,138,14,0
104,59,76,5,0
36,27,16,4,0
38,37,11,0,0
44,29,13,2,0
102,60,72,11,0
102,62,110,13,0
44,33,13,0,0
34,27,7,5,0
118,87,123,16,0
123,86,107,9,0
108,76,108,18,0
42,34,12,0,0
107,79,118,10,0
104,79,118,20,0
56,36,17,4,0
109,87,149,16,0
38,36,7,3,0
105,70,116,25,0
47,40,19,1,0
34,27,3,1,0
40,36,19,1,0
112,77,67,9,0
42,29,16,7,0
117,96,115,13,0
45,94,97,86,1
91,51,17,0,0
112,96,103,15,0
51,30,10,0,0
37,28,5,0,0
94,77,51,3,0
29,31,11,0,0
41,17,18,1,0
111,72,69,10,0
102,83,92,16,0
113,76,90,11,0
107,64,116,21,0
45,37,13,0,0
40,29,14,4,0
33,34,13,3,0
46,30,14,3,0
112,57,95,19,0
83,43,18,0,0
47,43,18,0,0
100,66,64,8,0
105,86,93,7,0
42,42,17,2,0
35,27,12,6,0
97,67,68,7,0
35,27,18,2,0
122,81,157,17,0
116,84,130,15,0
100,52,28,4,0
50,27,21,0,0
102,89,80,6,0
56,53,14,3,0
103,82,149,20,0
121,77,144,22,0
98,83,64,11,0
44,33,12,2,0
90,67,105,14,0
90,64,77,5,0
39,23,14,4,0
47,32,8,0,0
98,69,82,15,0
34,21,8,1,0
106,96,107,19,0
99,45,22,2,0
50,31,12,3,0
84,66,101,17,0
115,90,121,36,1
32,25,6,3,0
67,25,23,0,0
47,29,22,6,0
104,87,139,15,0
36,32,10,2,0
89,40,25,0,0
37,43,7,1,0
33,27,10,1,0
42,35,10,2,0
87,69,68,2,0
96,56,69,11,0
103,91,148,24,0
91,74,103,10,0
28,23,14,0,0
96,36,90,10,0
62,41,15,1,0
48,42,16,0,0
117,85,101,18,0
104,93,98,13,0
105,72,113,5,0
40,29,9,2,0
35,38,20,0,0
87,66,60,6,0
107,74,116,16,0
42,27,19,2,0
34,25,6,1,0
86,51,60,9,0
41,28,9,3,0
101,62,105,12,0
35,28,9,0,0
39,29,13,0,0
44,27,9,3,0
69,52,41,10,0
97,85,67,14,0
39,33,19,0,0
46,36,12,0,0
98,66,55,8,0
29,34,9,5,0
104,74,82,0,0
106,89,104,14,0
86,66,76,7,0
29,28,14,3,0
51,41,21,2,0
97,89,127,17,0
39,24,11,3,0
41,36,8,0,0
111,89,96,16,0
95,75,82,15,0
93,44,22,0,0
50,32,17,4,0
116,86,173,29,0
98,72,89,8,0
108,68,116,15,0
37,29,15,0,0
31,27,13,0,0
37,28,22,0,0
106,62,121,9,0
109,58,46,0,0
38,31,14,1,0
60,28,10,0,0
32,25,11,0,0
97,66,60,8,0
33,27,19,4,0
105,71,122,10,0
123,72,146,24,0
79,40,19,5,0
87,64,79,4,0
104,95,122,21,0
88,75,50,10,0
26,11,16,0,0
94,71,69,12,0
42,30,10,0,0
47,28,8,1,0
98,84,74,7,0
46,31,13,0,0
101,78,95,14,0
35,34,11,0,0
36,28,8,1,0
105,40,38,3,0
101,83,102,24,0
90,77,70,10,0
101,88,149,13,0
39,29,12,1,0
31,22,15,4,0
48,30,17,3,0
100,81,112,21,0
51,31,13,1,0
106,52,91,12,0
94,54,31,3,0
86,46,12,0,0
58,22,87,11,0
111,74,110,22,0
48,38,11,0,0
36,25,7,4,0
45,30,15,0,0
95,72,76,10,0
94,80,66,12,0
111,74,76,11,0
60,34,69,0,0
99,82,138,10,0
41,29,19,3,0
41,32,15,3,0
116,66,98,14,0
119,75,129,25,0
102,66,106,5,0
39,28,9,4,0
45,26,16,4,0
29,20,22,1,0
35,28,17,1,0
108,66,123,14,0
38,29,14,4,0
108,70,79,8,0
96,49,27,0,0
47,36,17,2,0
40,24,12,0,0
47,40,18,0,0
37,30,13,0,0
81,71,58,14,0
121,84,109,27,0
34,26,21,1,0
80,38,23,0,0
106,74,71,8,0
125,79,91,16,0
100,70,120,13,0
37,29,18,0,0
93,75,91,11,0
98,68,83,13,0
108,46,99,22,0
95,46,27,1,0
102,74,79,12,0
97,63,79,8,0
113,94,80,10,0
40,65,43,9,0
47,28,13,2,0
109,69,121,5,0
111,78,68,6,0
44,52,79,20,0
47,34,7,0,0
60,35,21,0,0
95,55,26,0,0
54,32,16,3,0
112,73,122,30,0
37,34,8,0,0
26,23,16,0,0
116,116,113,17,0
37,30,10,1,0
117,82,121,16,0
130,90,223,37,1
100,72,91,12,0
43,30,15,1,0
114,95,88,8,0
49,35,11,0,0
93,42,29,3,0
35,29,13,2,0
136,83,125,21,0
41,26,18,3,0
34,36,12,1,0
56,34,27,1,0
96,58,92,11,0
38,27,14,0,0
110,79,106,16,0
37,32,13,0,0
49,28,25,0,0
113,76,94,10,0
110,59,99,7,0
94,72,86,12,0
112,65,87,10,0
93,78,98,10,0
115,75,98,9,0
49,25,16,1,0
35,23,21,0,0
44,35,13,1,0
32,28,10,3,0
120,90,130,30,0
19,16,14,4,0
136,93,166,25,0
96,73,96,12,0
41,28,14,0,0
41,27,14,3,0
109,75,98,11,0
118,78,131,16,0
97,80,113,18,0
92,31,22,1,0
82,69,97,86,1
104,75,85,13,0
45,30,25,0,0
39,31,12,2,0
100,73,88,14,0
68,55,19,0,0
105,73,95,7,0
39,35,12,3,0
41,38,31,3,0
41,22,19,3,0
42,28,11,0,0
121,83,112,14,0
123,73,121,15,0
43,28,17,6,0
16,16,9,4,0
99,74,119,20,0
96,61,85,12,0
41,31,18,4,0
98,67,65,7,0
61,31,21,0,0
65,33,26,6,0
100,69,115,14,0
38,32,9,0,0
103,63,66,9,0
103,78,115,17,0
82,62,86,11,0
81,53,54,3,0
39,24,14,0,0
101,83,101,10,0
70,73,99,61,1
96,55,47,4,0
40,34,12,2,0
12,14,18,4,0
49,43,10,0,0
35,24,9,0,0
113,88,137,21,0
68,27,18,2,0
94,53,95,15,0
117,74,97,5,0
29,30,15,1,0
85,41,19,0,0
108,71,83,5,0
112,79,136,12,0
28,18,17,1,0
119,83,120,19,0
97,79,120,19,0
48,30,15,1,0
102,79,109,21,0
104,64,94,17,0
41,21,15,0,0
43,27,7,2,0
44,40,10,5,0
73,30,19,5,0
42,32,21,0,0
32,26,14,6,0
40,30,18,0,0
96,75,123,12,0
40,25,15,0,0
103,85,68,9,0
118,91,120,31,0
87,68,42,3,0
49,33,1,0,0
88,33,28,2,0
91,61,64,14,0
105,64,144,12,0
105,64,60,8,0
42,25,10,0,0
101,66,77,10,0
99,60,56,3,0
42,35,16,0,0
102,66,90,13,0
35,21,6,6,0
38,30,17,3,0
46,42,14,0,0
48,27,11,2,0
99,43,29,0,0
12,15,17,1,0
33,30,14,2,0
97,62,94,11,0
76,36,26,0,0
53,48,15,2,0
94,74,93,13,0
106,107,106,9,0
93,54,64,10,0
121,86,111,22,0
68,33,25,10,0
100,71,88,14,0
89,48,25,4,0
101,66,82,14,0
110,71,76,7,0
112,70,82,14,0
89,56,46,8,0
36,29,12,1,0
74,50,17,7,0
45,39,11,2,0
42,27,14,0,0
105,61,78,7,0
33,21,10,1,0
38,29,15,0,0
107,73,108,14,0
88,38,35,3,0
42,33,19,0,0
102,48,50,4,0
84,36,19,2,0
101,68,81,3,0
37,28,9,0,0
83,61,78,5,0
95,74,69,9,0
101,84,126,17,0
99,73,97,14,0
126,83,114,13,0
101,68,60,11,0
123,77,114,12,0
101,48,28,3,0
31,29,10,0,0
104,68,91,9,0
110,83,111,9,0
108,79,91,8,0
27,20,14,5,0
41,33,14,2,0
46,31,13,0,0
48,29,9,0,0
111,71,150,15,0
93,48,48,1,0
85,30,20,0,0
32,27,12,0,0
97,81,85,13,0
98,89,103,6,0
102,82,135,21,0
44,24,7,0,0
108,88,104,19,0
105,55,73,14,0
35,29,9,3,0
63,47,186,67,1
38,39,8,2,0
38,33,11,0,0
37,29,15,0,0
107,76,96,19,0
101,59,125,16,0
31,26,10,0,0
107,68,97,14,0
104,65,80,7,0
114,90,113,26,0
115,81,119,22,0
48,28,48,2,0
41,24,16,0,0
41,33,18,0,0
36,29,6,3,0
114,82,113,17,0
107,76,87,13,0
81,74,75,2,0
85,64,73,9,0
91,41,29,0,0
34,28,14,3,0
117,84,128,20,0
103,69,65,5,0
32,27,9,0,0
95,68,72,8,0
104,69,111,10,0
28,21,12,0,0
52,34,12,0,0
46,43,15,1,0
110,102,140,15,0
112,62,114,12,0
125,75,142,35,0
37,28,13,2,0
44,29,15,1,0
98,84,109,5,0
34,24,7,7,0
45,29,15,2,0
72,53,24,1,0
96,82,76,9,0
112,76,97,7,0
49,82,112,145,1
31,29,12,1,0
113,66,63,6,0
95,67,50,0,0
98,59,85,7,0
43,30,11,0,0
112,93,116,12,0
93,56,61,8,0
47,27,11,0,0
101,83,98,14,0
104,78,84,12,0
107,64,94,9,0
131,79,172,11,0
44,29,9,0,0
67,26,29,5,0
74,30,14,3,0
95,71,106,28,0
50,37,14,0,0
18,15,14,2,0
41,26,9,0,0
111,76,81,11,0
113,80,143,17,0
46,30,21,0,0
110,52,116,29,0
90,29,25,7,0
105,66,100,16,0
121,77,95,24,0
30,28,4,0,0
112,79,142,12,0
109,82,86,11,0
32,30,9,4,0
31,34,13,0,0
104,53,83,10,0
46,24,26,8,0
108,77,114,12,0
74,73,100,44,1
103,71,75,12,0
112,101,108,10,0
35,36,13,3,0
99,67,68,4,0
113,85,84,14,0
89,70,64,5,0
117,48,124,12,0
41,29,8,0,0
43,26,12,2,0
106,87,115,18,0
99,62,96,12,0
116,85,95,13,0
42,33,21,5,0
36,27,12,2,0
92,49,28,0,0
98,74,125,13,0
57,37,40,0,0
94,65,52,5,0
44,27,13,1,0
116,58,95,17,0
110,92,153,26,0
32,32,6,0,0
43,34,14,0,0
111,57,72,10,0
41,37,6,3,0
39,30,13,0,0
102,80,96,7,0
90,79,87,16,0
94,43,35,5,0
96,78,133,15,0
42,36,20,1,0
118,85,114,20,0
12,16,8,2,0
34,37,10,5,0
52,33,11,0,0
89,70,63,10,0
107,74,129,8,0
100,88,82,11,0
34,27,20,0,0
107,64,101,9,0
36,27,15,2,0
106,76,99,10,0
44,26,11,0,0
90,62,65,6,0
15,12,11,0,0
94,42,27,8,0
48,39,8,0,0
101,42,30,0,0
45,38,13,0,0
106,60,98,8,0
47,38,20,2,0
39,33,8,1,0
48,40,18,3,0
115,91,114,12,0
40,36,10,1,0
46,28,6,0,0
78,85,115,82,1
41,28,6,0,0
109,99,89,15,0
101,81,102,8,0
107,72,73,12,0
39,27,10,0,0
23,24,7,0,0
12,11,11,2,0
115,75,133,10,0
51,31,7,1,0
88,36,28,0,0
104,75,76,8,0
47,34,12,3,0
41,30,20,2,0
83,54,71,6,0
119,79,137,12,0
84,45,27,1,0
37,23,8,6,0
98,66,102,15,0
104,63,92,15,0
37,27,9,0,0
97,53,37,0,0
103,63,104,21,0
102,74,64,11,0
88,43,25,3,0
53,21,21,5,0
14,21,28,0,0
109,85,106,13,0
105,48,29,0,0
115,75,98,9,0
57,30,17,3,0
96,76,76,6,0
87,72,76,18,0
39,29,13,3,0
104,78,105,10,0
37,33,13,4,0
47,37,12,0,0
44,26,12,0,0
32,23,12,2,0
35,26,8,0,0
88,66,61,6,0
97,73,72,7,0
47,29,14,3,0
104,57,76,15,0
38,25,15,0,0
74,47,20,0,0
11,16,14,0,0
45,27,15,2,0
111,77,104,11,0
102,74,119,14,0
45,29,11,4,0
97,75,119,8,0
41,33,22,0,0
96,69,70,9,0
106,77,105,22,0
48,35,15,4,0
124,89,158,26,0
38,29,18,0,0
28,28,7,0,0
89,38,25,6,0
99,75,137,10,0
51,31,11,2,0
94,47,33,5,0
103,56,67,14,0
47,41,14,2,0
35,23,13,1,0
41,26,6,1,0
46,25,19,0,0
43,23,13,0,0
36,31,8,3,0
98,59,118,10,0
85,35,34,2,0
48,19,38,2,0
99,76,90,13,0
102,66,96,2,0
95,73,65,6,0
31,35,14,2,0
109,78,107,13,0
109,65,104,12,0
116,72,81,16,0
49,42,18,0,0
42,34,14,1,0
102,65,100,12,0
101,81,95,8,0
44,32,13,0,0
93,46,91,7,0
12,10,19,0,0
123,84,138,28,0
101,70,103,14,0
46,41,74,14,0
58,29,16,0,0
99,79,76,9,0
67,80,91,76,1
102,79,77,12,0
106,80,93,12,0
99,70,87,10,0
105,74,90,8,0
101,65,77,9,0
113,82,115,22,0
116,69,87,16,0
47,30,14,0,0
101,66,58,3,0
104,78,114,6,0
116,46,104,4,0
91,60,78,5,0
48,43,13,7,0
100,82,118,14,0
112,76,102,11,0
41,23,21,0,0
26,10,5,6,0
36,35,10,3,0
42,28,18,4,0
120,90,114,25,0
102,73,106,9,0
41,22,11,2,0
39,30,8,2,0
122,83,173,34,0
96,78,100,17,0
44,29,17,1,0
33,34,12,0,0
122,56,128,25,0
44,34,22,6,0
120,80,107,22,0
111,67,117,13,0
39,35,11,0,0
26,21,6,2,0
114,68,124,21,0
115,102,123,16,0
38,24,13,0,0
50,30,18,3,0
47,25,9,4,0
45,29,16,1,0
44,43,16,2,0
34,35,7,0,0
48,33,17,1,0
42,28,18,0,0
78,35,14,0,0
98,73,69,10,0
46,28,15,0,0
32,35,14,1,0
39,26,14,3,0
45,34,15,2,0
102,72,57,6,0
120,104,130,15,0
112,74,113,16,0
113,74,86,5,0
102,73,125,11,0
35,26,9,0,0
103,66,110,12,0
96,75,116,12,0
43,27,8,0,0
41,26,19,0,0
103,78,107,16,0
69,57,53,6,0
49,32,11,0,0
99,68,71,10,0
32,30,18,0,0
108,93,107,19,0
33,30,13,0,0
109,67,88,15,0
53,40,20,1,0
98,74,64,10,0
90,54,15,0,0
103,72,101,24,0
106,66,57,4,0
96,67,78,9,0
95,62,96,16,0
39,31,11,0,0
42,33,22,2,0
113,98,113,29,0
107,84,79,8,0
84,93,116,27,0
103,78,78,9,0
36,32,15,1,0
111,69,101,11,0
89,47,60,7,0
119,71,105,11,0
27,14,14,0,0
39,31,14,1,0
84,73,78,9,0
72,85,106,76,1
94,83,98,8,0
88,40,19,0,0
98,79,114,18,0
98,42,33,0,0
107,69,96,16,0
99,72,109,20,0
101,81,125,20,0
42,30,18,3,0
105,68,90,11,0
39,30,10,1,0
57,41,22,3,0
38,32,13,0,0
36,26,13,0,0
39,19,16,2,0
95,72,69,1,0
111,83,100,7,0
125,82,108,9,0
98,77,82,19,0
107,42,27,3,0
50,28,10,0,0
106,49,29,4,0
109,69,98,13,0
92,34,17,0,0
45,29,17,0,0
62,38,12,4,0
35,29,10,1,0
95,78,75,5,0
90,60,83,7,0
100,80,84,3,0
98,32,13,4,0
98,75,80,13,0
100,77,86,13,0
12,17,11,6,0
103,83,73,6,0
100,55,62,9,0
45,31,9,0,0
64,83,122,140,1
56,40,20,0,0
131,51,141,19,0
100,67,62,6,0
43,31,14,0,0
59,34,13,2,0
107,88,156,15,0
47,29,14,0,0
35,24,13,2,0
46,26,22,1,0
37,25,19,6,0
106,76,129,21,0
42,41,11,1,0
48,35,7,3,0
25,20,13,0,0
35,29,15,1,0
43,32,14,1,0
96,67,101,18,0
40,38,7,2,0
77,32,17,3,0
37,25,10,1,0
37,25,17,0,0
52,36,10,2,0
84,40,20,0,0
53,38,10,1,0
34,32,17,3,0
98,56,34,5,0
105,71,88,11,0
115,75,116,17,0
123,89,143,33,0
94,47,23,0,0
39,32,17,1,0
103,67,98,7,0
31,22,7,0,0
122,98,116,14,0
32,22,16,0,0
88,65,56,2,0
46,32,12,0,0
34,26,20,2,0
34,31,13,0,0
50,37,17,3,0
31,28,16,0,0
97,42,20,1,0
94,76,76,9,0
41,30,11,3,0
42,31,12,1,0
44,38,16,0,0
35,29,7,0,0
35,30,8,0,0
106,38,41,2,0
54,35,16,9,0
36,25,13,1,0
77,67,114,85,1
126,85,118,12,0
34,33,12,0,0
42,25,11,3,0
121,98,122,22,0
31,28,5,1,0
102,82,151,13,0
40,21,18,0,0
38,31,10,0,0
30,22,11,1,0
121,94,140,25,0
36,30,10,0,0
43,29,12,4,0
111,53,87,11,0
45,21,15,3,0
28,24,9,0,0
116,81,110,14,0
91,70,60,12,0
69,32,18,0,0
42,35,14,3,0
110,82,88,14,0
38,26,11,1,0
15,11,12,0,0
32,28,22,2,0
46,28,23,0,0
119,84,108,14,0
94,69,79,14,0
52,27,17,0,0
69,77,151,80,1
102,70,86,19,0
43,29,17,0,0
45,26,11,0,0
109,69,97,12,0
111,95,98,7,0
68,34,16,3,0
49,30,14,0,0
49,26,20,3,0
53,35,10,0,0
101,63,91,7,0
30,27,9,0,0
103,79,108,17,0
12,14,22,1,0
37,26,10,3,0
51,27,16,0,0
94,74,83,8,0
38,31,18,7,0
108,69,79,3,0
45,31,24,2,0
108,89,109,10,0
39,26,12,4,0
108,83,132,24,0
42,32,12,1,0
109,72,124,21,0
118,83,110,9,0
111,62,75,16,0
40,31,14,3,0
35,39,13,0,0
37,31,19,0,0
106,74,104,17,0
112,74,85,11,0
42,38,6,3,0
108,60,44,0,0
45,31,23,0,0
107,64,82,14,0
35,20,11,0,0
107,73,118,12,0
45,41,6,0,0
40,34,10,6,0
82,33,18,0,0
53,28,17,5,0
44,32,16,0,0
100,40,29,3,0
105,61,154,19,0
108,76,80,11,0
113,73,95,12,0
43,30,6,1,0
41,29,6,1,0
97,52,69,8,0
125,85,98,26,0
25,23,7,3,0
103,85,127,12,0
109,91,105,16,0
38,27,21,3,0
73,51,11,1,0
100,53,64,4,0
100,69,94,13,0
38,39,21,3,0
43,32,14,0,0
103,73,92,7,0
36,41,12,1,0
80,33,19,0,0
90,44,35,0,0
107,72,82,10,0
38,32,16,3,0
113,80,110,12,0
41,36,13,1,0
101,75,107,8,0
49,30,20,0,0
93,57,82,7,0
107,69,63,10,0
97,70,71,10,0
41,26,9,1,0
37,19,11,0,0
46,22,20,0,0
42,29,31,3,0
107,76,83,11,0
99,63,77,5,0
112,77,87,17,0
36,34,13,0,0
46,28,14,0,0
34,29,11,0,0
83,42,15,2,0
71,30,11,1,0
120,107,139,23,0
34,22,8,0,0
105,46,29,2,0
114,89,90,14,0
94,67,75,9,0
59,33,17,2,0
40,35,5,4,0
37,27,20,0,0
24,55,29,3,0
73,81,123,54,1
35,37,11,0,0
66,73,102,78,1
95,56,88,11,0
32,22,7,0,0
31,27,11,2,0
76,39,21,1,0
115,79,109,24,0
107,83,78,19,0
91,48,23,1,0
29,26,12,0,0
42,34,17,5,0
37,25,6,2,0
41,30,16,0,0
100,81,94,14,0
29,22,7,2,0
112,87,109,16,0
85,42,29,0,0
41,33,14,0,0
37,26,12,0,0
43,34,8,3,0
107,71,96,10,0
94,59,86,5,0
92,58,70,12,0
112,85,86,10,0
56,30,13,9,0
52,28,13,0,0
107,80,109,8,0
119,75,140,11,0
36,24,14,0,0
40,25,8,4,0
102,67,96,16,0
115,84,115,15,0
103,77,99,17,0
106,76,67,9,0
37,26,19,3,0
111,73,64,7,0
109,77,102,11,0
97,76,124,6,0
48,39,8,0,0
110,78,87,5,0
100,67,79,15,0
111,78,97,11,0
30,26,12,3,0
52,36,26,6,0
82,40,40,0,0
92,73,59,2,0
39,30,13,0,0
50,37,17,3,0
43,29,12,2,0
91,66,81,14,0
101,68,69,8,0
95,40,19,3,0
104,84,89,85,1
94,55,85,13,0
102,90,134,29,0
46,32,18,0,0
48,32,8,0,0
75,91,147,98,1
103,73,84,14,0
54,32,17,0,0
110,51,54,0,0
110,85,134,22,0
44,35,12,3,0
39,27,19,5,0
104,70,89,13,0
42,38,10,0,0
97,82,82,11,0
90,42,16,1,0
109,80,101,14,0
99,61,83,12,0
93,35,27,2,0
35,28,15,2,0
118,61,114,17,0
110,109,137,18,0
118,97,119,17,0
106,84,103,28,0
99,61,72,3,0
49,34,11,1,0
102,80,105,12,0
136,90,177,29,0
97,75,91,10,0
32,27,13,0,0
94,70,80,17,0
61,41,7,3,0
87,39,81,8,0
37,31,12,1,0
100,72,65,2,0
34,26,7,6,0
42,31,24,0,0
36,28,7,1,0
105,69,110,16,0
113,78,108,11,0
101,81,128,32,0
116,80,152,28,0
104,80,76,6,0
49,32,14,0,0
42,31,12,0,0
87,63,89,12,0
46,32,12,2,0
170,90,101,6,0
105,64,79,18,0
93,54,34,3,0
45,42,82,20,0
39,28,12,0,0
117,66,95,11,0
46,35,10,3,0
96,59,96,11,0
109,77,95,8,0
50,26,13,1,0
101,73,66,6,0
106,70,76,18,0
98,71,51,12,0
70,57,37,1,0
45,25,14,0,0
99,66,106,14,0
93,65,56,7,0
47,27,9,0,0
105,52,45,0,0
37,28,11,0,0
123,89,151,26,0
108,87,92,13,0
101,84,135,30,0
95,61,61,9,0
35,18,14,2,0
39,31,18,0,0
45,33,9,0,0
40,30,14,0,0
44,34,19,0,0
31,28,10,0,0
50,28,18,0,0
118,78,123,11,0
102,73,95,5,0
40,32,11,0,0
46,36,22,0,0
34,27,13,4,0
99,67,79,10,0
111,61,62,6,0
96,62,72,18,0
43,28,15,0,0
114,63,79,7,0
38,40,9,0,0
57,30,10,0,0
48,26,10,3,0
62,40,12,1,0
47,32,6,6,0
62,34,17,3,0
43,21,18,6,0
37,30,15,2,0
124,83,135,21,0
98,59,86,19,0
111,45,48,5,0
78,38,14,1,0
32,32,3,0,0
50,28,19,0,0
48,27,13,1,0
110,85,98,15,0
113,84,112,12,0
50,25,13,0,0
126,83,135,24,0
75,50,97,11,0
95,53,36,0,0
100,80,79,9,0
36,23,11,0,0
49,32,11,3,0
37,25,12,3,0
105,75,106,10,0
105,59,102,22,0
98,75,60,5,0
108,91,119,10,0
103,100,119,28,0
116,81,86,14,0
30,24,17,1,0
40,25,17,6,0
115,93,96,12,0
102,64,81,0,0
107,116,127,22,0
49,34,22,0,0
41,18,38,0,0
85,51,57,10,0
98,59,87,6,0
45,24,14,6,0
36,26,9,2,0
83,62,70,13,0
88,57,75,5,0
112,84,81,8,0
102,79,92,14,0
96,76,65,5,0
38,23,17,2,0
107,76,71,15,0
86,41,16,3,0
100,35,24,1,0
113,77,92,19,0
49,33,22,6,0
46,36,23,6,0
28,21,28,0,0
52,34,11,2,0
46,35,12,1,0
106,74,146,8,0
29,11,13,3,0
76,59,121,103,1
39,33,8,2,0
38,21,18,5,0
88,66,61,6,0
40,30,8,2,0
99,80,104,8,0
36,26,18,2,0
45,30,13,0,0
35,25,12,2,0
22,19,7,0,0
50,37,22,0,0
70,33,19,0,0
98,65,57,12,0
43,30,15,0,0
35,30,7,2,0
98,69,108,15,0
93,78,97,13,0
34,28,13,0,0
45,34,16,1,0
107,109,115,22,0
108,47,120,16,0
106,74,106,15,0
97,74,112,15,0
119,94,106,19,0
85,41,22,4,0
131,79,174,67,1
108,78,102,14,0
102,72,87,15,0
97,92,104,10,0
42,32,15,4,0
34,29,11,1,0
32,31,20,5,0
102,73,121,15,0
132,90,153,15,0
103,45,31,1,0
108,84,159,38,1
44,26,16,3,0
42,28,15,0,0
95,69,74,18,0
43,35,15,1,0
105,89,100,9,0
36,27,7,2,0
113,74,124,13,0
33,31,15,1,0
101,77,84,17,0
42,29,17,1,0
88,81,80,4,0
34,27,16,0,0
96,53,25,0,0
116,88,120,22,0
39,26,12,1,0
33,14,15,0,0
96,71,114,8,0
35,31,11,2,0
33,30,7,2,0
38,19,10,0,0
126,83,111,15,0
33,34,8,2,0
104,87,108,14,0
97,47,37,0,0
49,32,8,0,0
105,72,74,14,0
95,69,104,20,0
46,32,20,2,0
100,61,92,11,0
98,75,61,11,0
38,25,14,1,0
42,23,15,0,0
84,41,23,2,0
47,28,16,0,0
107,64,99,6,0
35,32,19,0,0
104,58,85,13,0
117,57,103,23,0
43,24,5,0,0
110,74,99,8,0
109,88,115,17,0
110,71,95,11,0
37,22,17,0,0
95,56,24,2,0
58,33,39,0,0
112,62,68,17,0
33,23,16,3,0
45,34,14,0,0
68,21,18,1,0
43,32,7,0,0
55,41,17,2,0
41,35,8,2,0
106,90,104,26,0
40,29,16,0,0
119,84,178,15,0
83,30,22,0,0
117,76,101,15,0
45,30,10,0,0
109,77,86,9,0
119,72,100,14,0
85,33,10,1,0
106,72,114,10,0
45,25,15,0,0
43,26,18,0,0
85,34,13,0,0
36,25,20,1,0
31,28,7,4,0
42,24,15,2,0
33,30,5,0,0
58,33,11,1,0
68,36,23,2,0
41,22,13,1,0
41,34,9,3,0
39,35,14,7,0
50,33,16,0,0
63,34,17,0,0
122,78,127,33,0
41,39,18,0,0
117,103,174,10,0
107,68,106,21,0
107,64,112,3,0
64,36,16,0,0
106,62,79,12,0
41,32,19,0,0
37,24,8,0,0
47,22,18,1,0
99,54,80,17,0
104,63,88,10,0
113,83,109,19,0
124,86,106,28,0
28,30,17,0,0
42,27,12,1,0
91,48,80,4,0
103,78,87,11,0
38,25,11,0,0
97,81,122,13,0
110,65,63,17,0
107,78,110,13,0
118,80,132,12,0
35,31,7,0,0
102,76,159,24,0
39,28,14,3,0
109,79,113,18,0
95,63,73,34,0
112,83,103,8,0
37,26,11,1,0
97,37,29,2,0
103,42,23,0,0
111,77,85,9,0
107,92,100,14,0
44,24,12,4,0
107,85,99,15,0
65,24,10,1,0
19,24,17,0,0
101,50,32,5,0
101,74,97,18,0
45,31,12,0,0
103,66,95,10,0
85,38,22,5,0
104,77,121,15,0
36,30,7,2,0
109,63,87,15,0
38,32,14,2,0
102,83,91,11,0
77,38,33,1,0
113,70,122,21,0
101,72,104,14,0
111,79,95,15,0
109,55,59,4,0
108,89,115,17,0
25,31,18,0,0
91,45,29,0,0
98,77,79,8,0
40,24,13,0,0
54,44,8,0,0
42,29,15,0,0
42,30,10,1,0
124,72,139,30,0
102,31,60,8,0
112,88,139,19,0
111,64,94,9,0
113,75,97,23,0
103,76,82,15,0
21,21,8,0,0
102,77,120,8,0
37,29,14,1,0
109,82,101,15,0
31,29,12,3,0
67,38,21,6,0
35,27,9,3,0
45,35,17,0,0
72,34,30,1,0
37,29,12,1,0
11,1,24,1,0
132,70,134,24,0
48,32,17,3,0
39,29,21,0,0
84,31,30,2,0
63,35,16,0,0
10,10,2,0,0
45,23,19,0,0
86,42,28,4,0
114,70,95,9,0
22,25,7,0,0
44,29,16,0,0
62,37,21,0,0
44,31,24,1,0
109,83,123,18,0
104,82,143,26,0
37,23,14,0,0
96,73,83,7,0
104,62,65,10,0
43,28,14,0,0
47,30,15,0,0
109,77,98,16,0
43,24,22,0,0
92,59,71,7,0
107,70,146,21,0
116,86,87,18,0
86,61,87,5,0
104,72,94,12,0
115,72,119,13,0
119,65,85,17,0
100,63,107,11,0
43,28,12,0,0
100,71,74,6,0
101,75,89,12,0
108,83,113,16,0
47,38,7,2,0
41,28,23,2,0
44,25,22,2,0
50,31,15,0,0
104,48,42,2,0
33,27,9,2,0
34,25,11,0,0
65,48,21,2,0
91,90,108,19,0
86,40,16,0,0
74,38,12,3,0
46,26,19,7,0
37,29,17,0,0
105,81,86,14,0
45,35,10,0,0
46,28,16,0,0
100,83,83,7,0
36,31,8,2,0
35,34,8,1,0
16,17,7,4,0
101,76,104,17,0
73,29,23,0,0
79,36,19,1,0
106,66,87,13,0
106,67,76,14,0
43,31,13,0,0
35,34,12,0,0
38,25,11,0,0
121,77,111,18,0
97,64,84,11,0
35,25,19,3,0
45,36,11,3,0
121,88,89,13,0
95,72,65,6,0
46,28,18,0,0
42,34,17,3,0
95,76,70,4,0
84,29,17,0,0
113,77,113,14,0
44,30,28,1,0
107,77,85,4,0
52,46,17,0,0
81,88,88,69,1
121,85,116,17,0
84,36,26,1,0
112,74,102,13,0
85,28,31,1,0
91,40,23,1,0
92,36,27,2,0
106,77,138,17,0
101,87,88,18,0
47,28,15,2,0
28,26,19,0,0
110,74,104,7,0
75,56,25,0,0
31,29,13,0,0
38,30,10,0,0
105,47,39,2,0
31,25,9,0,0
91,71,69,13,0
69,67,64,40,1
38,30,13,2,0
40,30,16,4,0
62,45,5,0,0
34,28,6,0,0
107,89,82,13,0
105,65,101,16,0
47,33,12,4,0
100,63,75,8,0
108,61,136,18,0
107,74,134,12,0
76,37,14,1,0
101,57,88,10,0
126,92,147,37,1
26,14,12,0,0
103,83,99,3,0
13,9,14,0,0
116,68,76,16,0
90,61,100,44,1
38,26,18,7,0
42,22,15,0,0
47,26,20,0,0
119,82,131,7,0
30,27,6,0,0
48,21,17,0,0
106,71,98,19,0
38,34,13,0,0
47,28,10,0,0
111,47,36,1,0
37,24,13,0,0
35,24,13,1,0
110,79,99,14,0
141,83,132,35,0
92,63,58,6,0
101,52,78,11,0
38,25,10,3,0
39,28,7,4,0
25,28,9,3,0
29,31,14,0,0
104,49,32,1,0
55,37,45,7,0
75,36,18,0,0
45,44,17,1,0
39,21,16,1,0
97,66,71,11,0
52,34,21,0,0
33,26,12,3,0
90,67,72,3,0
103,57,87,15,0
61,36,19,0,0
42,32,18,0,0
44,25,11,2,0
39,33,10,2,0
107,88,121,26,0
33,28,11,0,0
104,78,85,12,0
40,31,12,1,0
39,32,12,1,0
97,59,118,15,0
47,35,11,2,0
33,36,10,1,0
108,64,129,15,0
37,36,16,5,0
97,43,57,0,0
96,81,115,32,0
35,31,16,0,0
39,39,3,0,0
24,16,32,7,0
109,47,31,2,0
40,25,13,0,0
35,34,7,0,0
48,28,10,1,0
42,31,16,5,0
109,78,97,16,0
108,69,98,7,0
97,33,28,0,0
114,56,88,16,0
101,70,61,10,0
95,46,32,4,0
51,32,9,0,0
98,77,107,12,0
38,30,16,0,0
48,28,13,0,0
40,24,18,4,0
55,31,18,2,0
97,63,58,4,0
50,30,10,4,0
47,35,13,0,0
90,57,116,56,1
40,25,17,0,0
117,85,134,14,0
110,74,123,9,0
119,92,109,28,0
81,78,97,42,1
38,29,14,1,0
82,57,57,6,0
102,66,126,17,0
128,80,110,7,0
121,77,111,16,0
91,69,82,7,0
109,80,100,13,0
34,23,11,2,0
38,20,15,6,0
42,29,13,3,0
93,74,87,12,0
95,79,102,13,0
114,79,131,79,1
126,97,119,19,0
110,80,114,26,0
96,79,106,16,0
50,30,23,2,0
36,31,11,0,0
98,61,67,3,0
103,40,27,2,0
36,32,18,0,0
106,73,77,12,0
113,78,88,12,0
53,31,16,1,0
108,106,85,7,0
104,62,93,22,0
102,73,88,12,0
50,29,12,0,0
110,64,68,9,0
42,26,11,0,0
43,23,17,6,0
107,70,122,15,0
120,66,119,2,0
35,27,18,2,0
32,35,11,0,0
100,74,97,8,0
112,82,121,10,0
38,26,9,4,0
42,28,12,0,0
119,75,98,18,0
25,20,14,3,0
104,72,112,8,0
46,24,13,1,0
111,81,104,14,0
119,84,104,15,0
44,37,12,3,0
44,29,15,3,0
60,66,122,124,1
46,28,22,4,0
39,19,13,1,0
120,73,96,15,0
35,33,8,0,0
123,47,85,14,0
94,79,53,5,0
47,24,14,0,0
40,28,16,2,0
93,94,112,17,0
108,96,101,9,0
37,30,19,5,0
100,75,78,9,0
61,32,18,3,0
142,93,142,24,0
43,27,14,3,0
51,42,23,4,0
22,61,249,248,1
38,30,9,0,0
118,51,120,13,0
33,22,21,3,0
98,82,115,22,0
36,29,12,5,0
41,35,17,1,0
109,90,88,12,0
123,89,135,25,0
108,85,86,15,0
40,33,8,1,0
50,28,15,3,0
105,78,106,27,0
118,74,106,6,0
62,38,18,0,0
83,29,27,3,0
101,33,29,0,0
39,28,11,0,0
34,26,11,1,0
98,49,23,3,0
35,29,16,0,0
56,66,86,53,1
104,79,114,18,0
100,61,81,9,0
100,59,83,9,0
96,76,85,22,0
102,74,69,10,0
103,92,105,16,0
103,49,29,0,0
93,46,21,0,0
111,84,88,9,0
45,33,14,0,0
88,61,62,14,0
42,25,15,1,0
37,35,13,0,0
28,25,52,7,0
108,76,87,12,0
40,28,11,0,0
86,37,32,0,0
43,22,7,0,0
41,29,15,0,0
37,29,15,0,0
51,33,20,1,0
92,56,69,13,0
45,29,14,5,0
43,29,12,2,0
96,41,26,0,0
107,55,31,1,0
99,76,95,8,0
91,50,79,5,0
43,24,15,1,0
124,89,140,17,0
101,64,108,6,0
103,78,85,14,0
116,83,108,12,0
115,76,104,12,0
106,65,72,7,0
112,78,109,18,0
38,23,10,4,0
37,26,15,0,0
45,28,6,4,0
40,27,20,0,0
114,72,91,9,0
110,72,77,10,0
23,21,10,0,0
123,90,155,30,0
95,56,81,11,0
112,93,83,9,0
43,26,7,1,0
106,81,99,13,0
109,57,92,1,0
62,41,80,11,0
43,28,14,5,0
125,79,110,8,0
45,28,16,7,0
102,76,90,8,0
102,75,106,17,0
34,38,13,0,0
90,37,32,1,0
33,28,7,1,0
52,36,12,2,0
110,65,86,15,0
44,37,13,3,0
37,22,19,0,0
32,24,7,0,0
44,32,12,2,0
119,95,111,9,0
119,83,136,20,0
90,64,105,47,1
100,55,81,9,0
46,30,4,1,0
81,66,99,10,0
50,45,17,3,0
95,42,43,3,0
43,24,17,0,0
48,30,16,0,0
36,22,8,0,0
36,36,8,1,0
116,82,106,16,0
42,36,14,1,0
40,32,16,0,0
75,40,6,4,0
121,82,132,16,0
127,95,139,27,0
83,48,85,11,0
52,26,16,6,0
112,74,102,12,0
52,24,12,2,0
39,25,21,3,0
43,27,13,0,0
105,73,70,5,0
98,77,81,15,0
107,59,76,14,0
34,27,14,3,0
100,69,69,9,0
111,57,74,10,0
118,72,116,9,0
97,62,74,18,0
98,83,103,23,0
93,34,19,0,0
36,22,18,3,0
104,62,82,25,0
94,62,109,12,0
30,16,20,0,0
45,30,30,3,0
39,39,13,0,0
44,35,19,0,0
109,84,130,22,0
29,31,32,8,0
92,76,80,7,0
120,87,122,23,0
48,37,22,0,0
39,31,20,5,0
53,32,10,3,0
106,71,92,12,0
89,42,28,1,0
14,5,29,0,0
106,65,101,10,0
76,43,20,4,0
45,39,21,0,0
110,76,130,21,0
30,27,8,0,0
38,28,20,3,0
38,40,13,2,0
41,18,11,11,0
35,23,13,3,0
47,36,24,1,0
119,79,94,18,0
107,56,88,8,0
96,48,32,0,0
101,79,138,14,0
99,64,82,5,0
45,39,15,1,0
25,25,5,0,0
105,80,87,17,0
39,33,11,2,0
95,40,10,1,0
34,23,13,3,0
77,73,114,75,1
96,60,69,10,0
39,27,24,0,0
37,31,14,3,0
116,58,103,13,0
49,32,11,1,0
32,32,11,0,0
45,33,16,1,0
50,31,10,0,0
117,94,84,8,0
115,93,116,22,0
42,24,17,0,0
33,28,5,1,0
45,35,17,4,0
53,19,33,0,0
42,30,18,0,0
109,68,84,7,0
47,29,19,1,0
112,79,104,20,0
94,78,69,12,0
42,25,11,1,0
40,29,9,0,0
99,65,89,10,0
26,19,14,5,0
96,78,100,14,0
109,40,120,28,0
106,68,70,9,0
103,72,94,12,0
38,23,13,1,0
84,62,85,17,0
38,32,9,0,0
100,68,85,7,0
111,80,95,16,0
112,82,119,11,0
118,79,110,8,0
101,87,83,11,0
92,63,110,12,0
100,63,121,17,0
86,72,77,15,0
106,74,74,13,0
84,48,18,0,0
117,50,44,5,0
39,27,11,0,0
45,27,21,0,0
96,82,65,9,0
101,74,49,3,0
32,27,18,0,0
104,58,61,5,0
cell_group_count,4802,red_count,198,
